"param_index","iterations","depth","l2_leaf_reg","bagging_temperature","learning_rate"
1001,500,6,3,1,0.03
1002,6808,7,5.27307284849919,1.13389472512655,0.0388196531746707
1003,4409,9,4.72282682564096,1.22986015238351,1.16489565366115
1004,5721,10,0.0329795265785522,1.65931531169437,0.00352768463593796
1005,5639,10,3.28960563232611,1.70522234104553,0.112301339559379
1006,1072,8,6.09311382340802,1.17175742141333,0.0036366115301609
1007,3926,10,1.46110086271932,1.88751783385951,0.0229030060854647
1008,5044,9,0.641856446927595,0.563181726515882,0.042734594091468
1009,2288,10,5.8712978222505,1.56720330069793,0.439989543833095
1010,3010,6,7.1696656507955,0.233332497443913,0.00919314451029008
1011,1871,7,0.787425145647426,1.19222524125692,0.00625773826105329
1012,1792,6,6.09891366834899,0.914454969737319,0.0425913246584863
1013,3392,10,0.035991235924966,1.13569077736453,0.00988236364901898
1014,1494,6,2.58125250704376,1.11843833610292,0.210294554434706
1015,221,8,7.30915379159224,1.06451945554941,0.0702971972287397
1016,6507,10,0.319482965247626,1.90315845798183,0.685164951866352
1017,5720,9,7.41860224979954,0.339426683119397,0.776045336933434
1018,359,7,2.29532593689964,2.61835503029633,0.0556987310590399
1019,1183,10,5.36590323077509,1.43743209465066,0.288508346438848
1020,389,10,0.108830861400876,0.850661881906435,0.136766547859148
1021,790,7,0.0185230087176916,1.9916672144713,0.219903976291073
1022,1646,7,6.36868198854122,1.15247543103954,0.00281926462702162
1023,692,7,3.48136531982443,3.06071982652903,1.35291108770475
1024,202,8,4.67571936674745,0.572212848550917,0.145929007912394
1025,4765,9,3.06729060683218,3.43777923587675,0.00667063072875397
1026,965,7,6.1879124563305,2.45174571716986,0.00143399308795543
1027,9178,8,0.506267274529053,1.01676136078891,0.617604989643817
1028,255,8,0.922520736199723,0.788565677358053,0.505428022751028
1029,8087,7,3.68286428201964,3.4894556433166,0.055558751168764
1030,7295,6,2.19743338932569,1.69014730342325,0.00460895869164926
1031,8697,7,2.32616162952759,0.267933084651072,0.00279700286921344
1032,319,6,5.92623776818062,0.717867634952034,0.00569203992391436
1033,8743,8,1.7687238338275,3.50019642293817,0.985683969121299
1034,143,8,1.34732709782192,2.072727831495,1.46809464869972
1035,277,7,1.45816842207506,1.33600133642625,0.335641327926661
1036,666,10,7.79042213204247,0.596976523504161,0.701014761929523
1037,2442,8,0.62651866617961,1.06830374072532,0.0589418175434386
1038,335,9,3.32951681696262,2.39321377597186,0.203196448976866
1039,1962,10,0.40617656750901,1.55265652384987,1.97272422096583
1040,8269,6,0.179936626270653,2.04372485780656,0.0440039876138783
1041,5955,10,6.406935928935,0.0757065310111538,0.00391596884114445
1042,468,9,8.60898714748948,0.924335751522058,0.445986537926979
1043,3871,7,5.24070176510911,2.33275469566068,0.0194380761268414
1044,7796,10,2.75802428796497,0.247738744189316,0.126867632378188
1045,686,7,5.09199251571602,3.54364558969384,1.67536426647231
1046,2231,9,0.24388591029978,1.35146173628504,0.0391183121597913
1047,9734,10,0.82776950475251,1.5190332008621,0.00463872914672882
1048,304,6,2.72280937104617,0.551185267731915,0.00497992058661276
1049,9532,8,8.58521398354317,2.56785176753658,0.00256986216516183
1050,1196,8,4.14361304575004,1.97422272082606,0.00229427451169839
1051,9708,9,0.0754274755185446,2.43522569208659,1.05774685132067
1052,909,8,0.839664598232792,2.28634832566054,1.2768663082125
1053,223,6,4.15076241569772,0.443122994526675,0.00521766130640443
1054,4209,6,1.07525213639228,2.79011178878942,0.00296899804184672
1055,9130,7,1.02744052853157,0.457456634429154,0.596405780681341
1056,3369,8,0.00128162067548079,0.770454718265561,0.0269534493772378
1057,596,9,0.00282888377768642,1.25896564338518,0.0100055413502765
1058,4505,10,0.0948840414812033,1.24799694398185,0.0288560545647848
1059,1360,8,6.79307146777944,0.216586952592401,0.00469786607098428
1060,2839,7,0.0194163656940275,1.32057968704241,1.25198263202842
1061,474,8,3.11586071141706,0.899576774309301,0.466896784928236
1062,107,7,8.76092083835427,1.11388447314018,0.00183496544878652
1063,136,10,0.0319166629422275,1.38625477133392,1.33189143158508
1064,208,8,1.05172118909416,2.11955109518891,0.197079349508497
1065,339,8,4.01331242670354,1.92357525019726,0.922129094082824
1066,751,7,1.86989057618198,1.88562580845761,0.0224787571910876
1067,7793,6,3.7267800613463,0.325265164466942,0.0113609148040724
1068,111,8,5.81775794315703,1.69939716130181,0.00420849029235063
1069,1026,6,0.901798592951836,1.14651527618469,0.0329623112339152
1070,142,8,1.80510399976422,0.603677065094759,0.00911161962826592
1071,216,10,5.58699261457645,0.37228198624532,0.00669532710868719
1072,4451,6,0.442954747152796,2.55109724363458,0.00150686114918507
1073,1328,6,0.0825890244965469,0.441271294102531,0.0516307942002854
1074,356,7,2.78350780890656,0.811784329621578,0.560753418765299
1075,2362,9,5.61733549523432,1.01024985994929,0.0061998814776805
1076,306,10,7.86696801426719,1.79163445173671,0.0661600298212915
1077,8717,6,0.0900344195522801,3.0231545670668,0.378242693762214
1078,175,8,0.98059299074675,1.71692322580631,1.41470411140348
1079,852,6,0.28312778325763,1.08054747037226,0.00370618270208273
1080,500,10,6.81800159301897,1.63737086742276,0.0138273240350283
1081,279,9,8.31108808119263,0.331998338437197,1.00308318730534
1082,447,8,5.74501699972456,2.31443099300068,0.040809735107452
1083,9174,9,0.280420744586374,2.00906348313712,0.00438767766927025
1084,3726,6,3.58069811624499,0.0433639901656313,0.00557815484573874
1085,456,7,2.97626919243927,0.888889328436323,0.024964201922451
1086,4017,7,0.0144269007179911,2.62728537315906,0.0134183688827579
1087,109,8,0.76519075717739,0.0664713742641075,0.0328397841758429
1088,5863,6,1.10615280107322,0.925871739640557,0.120383418016515
1089,7182,10,2.25497651556593,0.845328058565183,0.0092107652458464
1090,196,10,4.25673029726329,0.129973742187336,0.0565624640464512
1091,818,9,8.35531854237702,0.351741965631699,0.00125334764552299
1092,5432,6,5.58769384483142,0.974506556623129,0.0108808774904989
1093,4418,8,0.761056546324209,0.898482499416794,0.0406165756577082
1094,8328,8,8.24184280062632,1.68954028508434,1.20803303465671
1095,126,6,0.99878887970286,2.34672050541103,0.0506604429553879
1096,2663,10,7.40502179088432,2.11991119056939,0.0679622874811962
1097,857,7,5.38152404912973,2.11887171421411,0.0749977343966722
1098,449,6,7.79533499949803,2.88049360462682,0.3238396867101
1099,603,6,0.0011534615153857,1.87173160015805,0.0722030810665471
1100,1640,9,3.00568384298367,0.73196861037128,0.399902968051419
1101,1036,8,2.66026278467313,2.59990549384112,0.0146358928348377
1102,130,6,0.338528475203579,1.42296255159511,0.0371076670622233
1103,244,7,2.56392063753205,1.19458797385327,0.0509472561804464
1104,1218,6,0.728804069409401,1.49689033894009,0.0273803394245344
1105,9323,10,8.03001419356333,0.49355385467217,0.00733409365548182
1106,183,10,1.78848795271474,0.300081568807281,0.0129406526615418
1107,130,7,2.88363986092137,0.286678666192923,0.125368975720986
1108,9990,9,0.876350881810458,2.37471708200722,0.00178430590835954
1109,1585,10,8.19344146329543,1.38297920969025,0.00712795985776822
1110,1534,9,3.44219638964332,1.84100986431337,0.0156467652116857
1111,502,6,0.335320950949244,0.834473400073723,0.317855555664868
1112,6509,7,8.30580735324264,0.0102117859583338,0.00229967552815533
1113,6333,8,8.53008579899765,1.31827526950071,0.00607864513928581
1114,4947,10,3.63344249012729,1.29383758444506,1.11234884693673
1115,358,7,1.52102433743674,0.854897826607196,1.96460813267619
1116,727,7,8.8026650873716,1.32886834160684,0.186614666344653
1117,2104,6,0.0476949436577304,2.68236044065937,0.0924410946060231
1118,447,7,6.08860088272251,1.9012262523806,0.00708144991993194
1119,115,6,0.105431248951178,0.0565864079616119,0.00557937942563506
1120,109,10,8.19134571897895,1.29664639265895,0.0230663019153073
1121,160,9,3.92021483220918,1.3523902216577,0.0748497913405415
1122,3717,8,5.72706964001485,1.85086481542414,0.00293869562059626
1123,3115,9,4.32680689293738,0.977790546057192,1.12677747342911
1124,275,6,5.77839172976307,1.69438053931885,0.0024185296952646
1125,109,10,3.34056547329335,0.50667263811187,0.0412870152407207
1126,2015,6,0.0134169687904588,2.56502462562703,0.00354372304213828
1127,140,6,5.73097102384564,2.17244842324525,1.75387883194064
1128,1560,9,3.98274832883664,3.23812301201813,0.00951372202702266
1129,3531,7,6.74426104298727,1.71319215081444,0.00191617972792282
1130,6074,9,8.53435336425714,1.52239819990943,0.0674172339804864
1131,165,10,5.10845611359396,1.18947308863895,0.00149391285239322
1132,2797,10,3.24258145049789,1.93399961420368,0.1084120997527
1133,907,7,0.018558963852218,0.297918883565454,0.00344548891988985
1134,1561,7,0.301932624375851,2.09796835696972,0.532907129064203
1135,2731,8,0.812735777021261,1.26985354773026,0.0305793889652127
1136,1221,7,5.92158796257074,0.396083353146099,0.00825577736710035
1137,192,9,2.54651708498711,1.67368495245108,0.00890079571923968
1138,150,10,3.29574278560611,0.701221307111529,0.0241554850431553
1139,283,10,0.00527444298073045,1.02072711290908,0.545651223920083
1140,125,9,3.63825259412874,0.564291389641843,0.129413051768935
1141,1991,10,0.320583218054787,1.24327128190541,0.00484806659118704
1142,124,10,1.90293306090371,0.449049707578243,0.135664413840004
1143,3253,9,7.84990331395846,0.376486489991635,0.0339913496057885
1144,7220,7,0.498341023385776,0.558874787339659,0.0837619437286128
1145,1079,10,3.60240283440445,0.752646739943409,0.00101883487939865
1146,731,8,2.90777571730128,0.882726161001044,0.0058966256086799
1147,2287,9,0.593363339309864,1.29324864579356,0.76704011210041
1148,8265,9,0.792056015650969,1.03338787209771,0.00152782985907122
1149,5932,10,6.66863538788588,1.28361178304968,0.144682731222815
1150,1624,8,1.11668105508354,2.45094278906727,0.00210659861557417
1151,222,8,6.51260933570309,1.09501956796518,0.0281480215854222
1152,126,7,0.37152798691276,1.11168239685946,0.00563666158645488
1153,1767,8,0.0504210151278169,2.25905169595978,0.0256399229323137
1154,2671,8,7.16184030141185,0.586622001429146,0.0346108978897055
1155,726,6,2.06271138741953,1.08334810243264,0.0366808372530349
1156,131,8,0.286044916102914,1.38137760156546,0.00171106554502342
1157,255,9,0.0324904629485224,0.398036978384456,0.0640923705795225
1158,890,9,1.57201430062145,0.509770890268026,0.0203929554969135
1159,2215,10,2.52592071123149,0.763292504358357,0.0770353412380886
1160,3575,9,7.7984854848508,1.48408870896335,0.00345105139465855
1161,276,8,0.272444491622984,1.10014668008621,0.00396615442796827
1162,753,6,3.86818684146277,1.1830730657978,0.0415949478365675
1163,215,7,0.0207706897843148,1.12949887352004,1.82804021367344
1164,152,7,8.49845561714849,0.683863554973201,0.180605367441276
1165,3224,7,0.273342697212571,0.726665209330916,0.919697481792726
1166,1052,7,0.254344694191462,2.02452513013499,0.156620118732471
1167,810,10,7.85528290347256,0.973059046439775,0.0627278686231038
1168,1075,10,1.2207456497436,0.395010567128844,0.0592878632756136
1169,8443,8,1.39378821758068,1.46249136362346,0.0108809291228849
1170,156,7,5.15035149969381,0.240803534552797,0.0170973796619428
1171,429,7,1.43800480722297,2.79901369311315,0.00146896872944237
1172,1168,10,0.0488022779520914,1.77317018071789,0.00876165556128647
1173,409,9,0.818173997237089,0.5641650756294,0.652001360858099
1174,580,9,5.15404786190596,2.05174590609497,0.145210225105588
1175,4702,9,6.6928430091469,2.84672451599158,0.0478940768192353
1176,576,8,1.82909908453726,2.18369462662646,0.090491489038838
1177,1517,8,4.94724016435787,1.26151231216533,0.00372269504492926
1178,235,8,0.946327126028001,3.22318116481003,0.00131991572447993
1179,208,8,4.26466715633864,2.56633252898884,0.00251320773612766
1180,960,8,2.32274557530391,1.0874172284369,0.0174692801167775
1181,1721,7,0.0993229202557755,0.622984856475258,0.127376729018097
1182,290,7,1.57085369867886,0.828295722249128,0.0295316197189308
1183,470,6,3.59519843984462,0.415210361737564,0.0853745692387725
1184,8647,10,0.0855438217858877,1.21844503966904,0.0445724564692855
1185,658,6,1.53387328885899,1.13339204055586,0.351791897783545
1186,279,10,1.27161049653143,0.70328839950964,0.321363819775671
1187,540,7,2.30738079732622,1.84958855051887,0.817399190978872
1188,1590,7,3.20011088579047,1.98726859327896,0.0016688024616569
1189,493,8,3.8841827057417,0.681727627901629,0.0608620045016668
1190,2012,9,1.15732351425709,0.64912634749833,0.170471204419078
1191,606,6,7.51723793848361,0.119372902420978,0.0656890091732974
1192,7798,7,0.925062457839354,0.868789788618547,0.140306146586963
1193,127,8,8.96991242163692,0.798379982229425,0.0108422514913002
1194,1445,8,8.12407091421351,1.24481168919192,1.00671029295886
1195,150,6,5.75000175545868,3.22842482954476,0.0201072113201088
1196,907,8,4.10993191663858,1.08753462151214,0.212175128089399
1197,3730,8,2.25318100174323,1.19299834018768,0.00100634834033735
1198,440,6,0.17155049806723,0.433802362999726,0.00551332529952019
1199,962,7,2.14352714387255,2.98608078862764,0.67513828654721
1200,310,7,6.31790775886789,1.10268147582208,0.0044481808816346
1201,3019,7,7.84974070273754,0.92234824883812,0.216123930486714
1202,291,10,4.95896438748064,1.62729271536346,1.91951665623051
1203,2040,10,0.0468284867033931,2.91769274063534,0.290055984035242
1204,8049,8,7.37505106650578,0.879085022399462,0.0329218410317509
1205,871,6,0.108339969348672,0.150741372579315,0.143907814362924
1206,565,9,3.66807621577315,2.46357010921344,0.00136264601576252
1207,250,8,0.680045856586068,1.22096081011854,1.77193904200234
1208,218,6,4.6908736260979,0.824070712282395,0.00567250062772279
1209,171,7,1.02145722847332,1.44546425491733,0.132383476982884
1210,4641,6,8.14137679702984,0.0435006598276769,0.00536751751500094
1211,1426,6,2.71977852207342,1.55686086654809,0.0271025253086066
1212,3603,10,1.34025435029903,0.0678856663414075,0.00143236227770997
1213,4473,9,0.710863427336712,1.6681289054359,0.0253589379442623
1214,4108,6,4.74571907528116,1.61358677288314,0.0886156251328546
1215,129,8,0.314278154511372,0.15697675503831,0.0221375019750743
1216,4250,7,1.22107309698496,0.610374489472399,0.587082562613921
1217,472,6,2.41275889335035,0.210529541703322,0.0553407682374604
1218,9927,7,2.11052433101526,2.16346791979211,0.0213864679707928
1219,6069,7,7.08885743874146,2.19895058602505,0.0167159979974227
1220,2500,9,2.89744364996053,1.3853513769036,0.00433583738031889
1221,5619,8,8.37183997717296,2.30766693443872,0.723857979632573
1222,9344,8,7.75356449951368,0.0400005567732021,0.00100391400976459
1223,5574,7,2.06225135887671,3.52007705116381,0.00357266481560455
1224,120,7,1.69825555754865,0.878771907984518,0.696201425216579
1225,6302,10,1.910270083936,0.252747304491041,0.268937133555538
1226,2206,9,8.17820616193368,0.223497124452687,0.0109879328293073
1227,807,7,7.31249674348695,1.21286179621046,0.319350470753113
1228,229,7,5.12777689186737,2.72907805455027,0.00685276296801213
1229,1431,10,0.521417606065955,1.74212026766928,0.193194921559074
1230,6331,8,3.01173059025091,0.78252978349807,0.00179834021849351
1231,7536,7,0.150976836336674,2.59907521007111,0.199878418108887
1232,581,8,0.228997522004269,0.355098813778335,0.502886706128822
1233,265,7,3.97368933688421,2.5638587002437,1.91125880102575
1234,3421,7,4.66473459485833,1.07306127103585,0.00475000144163293
1235,9316,7,0.82190404092051,2.93641355489669,0.843200426743175
1236,631,9,4.64097738887305,1.47608674436068,0.0221922907813771
1237,567,7,8.24780127523363,1.57334347594347,0.00112471275285954
1238,222,10,7.66501865203991,1.0951459303748,0.0371448868897144
1239,3000,10,0.177534710174478,2.68427526937052,1.3951934286927
1240,134,10,4.49321910615523,1.50768202262692,0.00198591285265599
1241,142,10,5.9287210330113,1.12882831022997,0.113143140247469
1242,3117,6,7.68726736787644,2.2919726357831,0.0522748323730734
1243,894,8,1.59614172690604,1.90097293244368,0.258397880123872
1244,419,7,0.348732720242324,2.06154830851355,0.00752430593661297
1245,558,8,1.40396303789523,0.400461446876694,0.170397225171191
1246,352,7,1.01663631661408,2.53860865829142,0.0323632096643364
1247,193,9,2.69482632602144,1.81297470244787,0.018167841208293
1248,208,8,1.73331666500269,0.398467260713784,0.740430503040333
1249,791,7,6.2927184925301,2.90896375636533,0.0180386835173505
1250,9060,6,1.531664705426,1.19645180125158,0.0303546704510394
1251,253,10,3.17996181514032,1.77038139413636,0.195579217564655
1252,191,7,0.648780854967973,1.40903976487858,0.206833744222839
1253,260,10,0.845079572403572,2.0885776478212,0.0123491115099844
1254,117,9,7.00412487992902,2.41020223189165,0.183065019583896
1255,3127,8,6.62352218462508,3.69316098445655,0.0240443865357085
1256,252,7,0.830623301051882,0.293552761567412,0.00236970907042075
1257,135,8,3.10518261974205,2.16104488963698,0.376076836914652
1258,8026,10,6.03264604191828,0.171742498678603,0.0657878508077232
1259,1748,6,6.49561396947361,0.01346511837183,0.00197819903673282
1260,2740,6,4.95876621230692,0.933294719065966,0.010927369310291
1261,1006,6,3.55563523204093,0.414085477777897,0.0111260551311194
1262,164,6,7.72921149636639,3.41442604345809,0.0028823497558704
1263,237,8,1.23788221593809,1.53497726019371,0.00726131356495899
1264,2625,8,1.98276458036376,0.199197741618087,0.31636741603507
1265,2588,8,0.312112614211974,1.4387945813755,0.042373632640277
1266,4742,7,3.81124354217456,0.774669892370089,0.086816343172196
1267,2693,9,0.473475881720611,2.04993124295634,0.00657276958457737
1268,8162,10,2.57727990343946e-05,2.70289778164456,1.26319526656427
1269,3313,7,6.9973308769909,0.659009634807119,0.0552012586443879
1270,109,8,6.79357660844498,0.101836124246392,0.00606893876323886
1271,2515,8,7.3504130438066,0.200043300781573,0.00353450752308707
1272,152,10,1.42088515770867,1.69210894016358,0.0364785410537316
1273,220,10,3.30566309366527,2.99350456405091,0.00146972601245502
1274,6455,10,3.452451561716,2.40360875755343,1.16579669611457
1275,1210,7,3.73224665906484,1.15666705176285,0.00704354665795546
1276,5352,7,4.4890717573557,1.49206557522839,0.0441052781989327
1277,9336,6,2.81215700445801,1.22759367490065,0.737288386110964
1278,135,7,0.00438855104064554,0.131222052764206,0.0111797929102483
1279,2869,8,0.996100207277711,1.55964175989632,0.812806699773377
1280,2276,6,0.710366620895317,0.559793588537629,0.00570987634852252
1281,2552,10,2.40825311784259,1.7770130398078,0.209850684685426
1282,660,9,5.38835786645995,1.52469042922226,0.0431347910240881
1283,3375,6,2.98297027023748,2.03714842442671,0.00411574845391343
1284,1411,8,2.13640924825542,0.843610549715009,0.0596340562046412
1285,154,6,3.61451031043239,0.0633290685081729,0.0215298425409049
1286,1008,10,6.21709030766329,0.424701053678116,0.00268406308848394
1287,354,8,7.02746126899177,0.681625868215786,0.261479284557495
1288,462,9,3.13355268644859,0.612467661374148,0.423818884852335
1289,207,8,7.86045627378978,0.783924683921869,0.179521431670273
1290,7019,6,1.43882817283581,1.56099792810873,0.883237025955466
1291,9349,8,1.32511945826763,0.720379201471876,0.332289216595771
1292,3252,10,2.03098123263485,1.40387392358059,0.378589113692491
1293,1855,7,0.269299876372999,2.56300306505478,0.949717215143398
1294,3148,10,4.07389231539534,0.1647715369075,0.514802959106097
1295,773,10,8.83577635885369,3.28293695508177,0.00418185505826234
1296,494,9,1.21622162887198,0.598438399835477,0.0437728490034216
1297,4344,10,2.57930877446078,1.92335835394578,0.00192027845907121
1298,165,6,1.25712567486244,0.738541413468422,0.00146496382012711
1299,1429,9,4.45999964935446,0.223953968945805,0.00131573698337632
1300,358,9,0.524011013458552,1.45507413569089,0.0817132271325497
1301,1102,6,6.92891165950478,0.328661915060237,0.0584248895525534
1302,3549,7,0.458710186502992,1.91402941368599,0.335630910324369
1303,4205,9,3.67557348201881,0.189023765988571,0.00752715823358977
1304,1806,8,2.46391640671756,2.19783425095045,0.882224814239241
1305,2098,8,3.42480048712305,0.195464172944157,0.0128113532050226
1306,4550,10,7.23901099477782,0.0773660402197428,0.0337201830397384
1307,165,6,3.62600589510173,0.114464142466362,1.56197714386085
1308,2314,8,0.00990293445746369,0.0682222668289812,0.00287520508841518
1309,172,7,0.195575947829983,1.30978712486934,0.00208489285286644
1310,1403,10,4.58785597571176,1.96122646475666,0.0360648695429821
1311,2752,9,0.123006434103987,0.491941849633415,0.019337488120043
1312,6702,10,5.50269883941905,1.12423887163648,0.298750363875449
1313,288,7,1.86922548544633,1.62243352944219,0.0014536287737926
1314,252,6,1.16859423489633,2.42463167565917,0.0105563123217074
1315,231,6,2.15055928056519,1.53530170446502,0.002436345409488
1316,7726,6,0.0071948480746951,0.99510316530917,1.52824972555006
1317,4006,9,6.16239125228439,0.471455093231674,0.00551136116061657
1318,5304,10,0.0238909864923448,2.34050903245036,0.00628575414396574
1319,278,9,1.447357084503,1.60259917385523,0.729352824874347
1320,580,6,6.82506311589959,1.28718922509682,0.039384327484178
1321,118,10,6.10791628622854,0.297588318184467,0.975692276318039
1322,1762,7,2.01366215904935,1.45666176973708,0.0243752143573747
1323,1127,7,0.3004517730607,0.29107862158906,0.299658056369046
1324,6525,8,1.01463943575065,1.85340908162817,0.0150937615083405
1325,1838,7,4.64468354831187,0.31006771125353,0.00971871562114509
1326,703,9,3.11301592908559,0.31247445786607,0.00117353526758185
1327,4191,10,4.38852564228015,0.864878262447665,0.00906378017645494
1328,1044,6,6.85270159106589,0.67608895308988,0.00353960032938221
1329,752,8,6.47005950976425,1.38073348877901,0.230127032136475
1330,587,7,0.860421805540708,0.609902254799307,0.113097805912333
1331,121,7,0.125429994375015,0.936183846980064,0.0637286182259139
1332,2606,10,0.169230064463626,2.59623092059094,0.00170634868835711
1333,285,8,7.12927575070192,1.89184104436767,1.21848627140195
1334,134,7,4.56163245445631,3.05595802761911,0.128607525618542
1335,4640,8,3.00135151898261,2.20899609025699,0.0310512319525276
1336,123,7,0.00130178383889124,0.410156449698601,0.00154183334355829
1337,693,6,6.34500995666011,0.798718852855188,1.57201219485723
1338,2162,7,8.23073408009009,1.92744332297644,0.05087119744872
1339,2110,8,1.44298271869596,0.314554581746411,0.00491330796603212
1340,2653,9,0.00177812153179498,0.799401212034675,0.0106917897030017
1341,5395,9,7.66524295460417,1.51715332480394,0.013055909865708
1342,1250,6,0.0945130425859178,1.77155958152593,1.68207111118097
1343,816,6,2.99403600012327,0.21190385500329,0.0218968092485792
1344,4337,9,0.0128632264034141,2.67752227599337,1.3150987277299
1345,220,7,0.0713793510105005,0.76252769443219,0.661663354473852
1346,2961,9,4.42760925419359,0.928078243742914,1.9500860941184
1347,3827,7,5.61515321178296,1.68316742354427,0.0182803066254924
1348,5706,9,4.81528519338415,2.11504918427491,0.0703226423644945
1349,577,8,0.127032720434147,1.70626466784969,1.02661540693597
1350,839,8,2.38513266324472,0.110449788738643,0.0361220907338457
1351,2631,7,0.0485262886419259,0.925205340863113,0.162595751891497
1352,123,9,6.54462152064739,2.63394795705701,0.0407340162429011
1353,6435,10,0.0713474246708299,1.06548280021062,0.174709554191325
1354,1899,9,0.00355885530900579,0.635521998871591,0.155617919098148
1355,677,7,0.989349704273564,2.36911626054437,0.00100960973348919
1356,1717,6,0.011333331423311,3.41451906226006,0.021345491079838
1357,4350,7,0.492906827721205,0.717648537974897,0.545220416801656
1358,2751,6,6.73934809554279,2.14711481039089,0.00147049796258514
1359,633,8,6.14634975616158,1.0356019952994,0.0363340233691814
1360,524,9,2.07667179387558,1.85959754739008,0.0274685039135273
1361,499,10,1.45238185463779,1.55223494786524,0.756704114861417
1362,168,6,6.21479302916547,0.612977743214709,0.0119348201126188
1363,1094,10,5.29596976678707,0.0345740043787424,0.307016279453736
1364,1603,9,0.0724547945772672,0.330837888391387,0.00250586837144611
1365,449,10,0.155764974636043,0.630690109233315,0.11432465471815
1366,342,8,1.71396795736857,0.511033469323297,0.0252751202917497
1367,353,7,0.976599536587844,1.35321758117615,0.0532778879288156
1368,119,10,0.886955512950026,0.803135922419509,0.0443296548732001
1369,2189,9,6.10839606318614,0.936238086457304,1.45016329136405
1370,4325,10,6.14102550725022,0.507991117677867,0.00280270608487966
1371,1779,10,4.87583050816148,1.39473269193318,0.54694427990577
1372,5488,9,7.08117131697705,1.30469375035386,1.30555288143616
1373,396,6,0.306516989017978,0.227508786333763,0.803492284397574
1374,944,6,1.21542125959358,0.792275197545187,0.00686647096858305
1375,3707,8,3.72120650637453,0.430935203220938,0.00587817892799147
1376,1287,7,5.06149416815013,1.3125488691772,1.12148023803881
1377,7331,6,4.93984792184625,0.0432062940814761,0.0357684325452983
1378,581,6,6.58571121895541,1.58325873701412,0.00153436759210687
1379,228,8,0.350831729905888,0.942828899289179,0.650601882064922
1380,271,6,2.2395673752936,1.89803355328766,0.0728414420926688
1381,984,9,2.29858644539861,0.357961568073197,0.00200033296348128
1382,493,6,0.471276504566873,0.244795428631364,0.404863152298731
1383,1311,7,0.00463793673420174,1.86263506612255,1.67543099357307
1384,632,7,4.83298987617133,1.12445234817618,0.0286109938121833
1385,6273,8,0.740722196046992,2.49057504480458,0.0168265215156181
1386,1709,10,1.73283405787325,0.634391822898924,1.95817067027412
1387,3225,8,1.16013574624352,0.820579875258945,0.00121161398128501
1388,7321,9,2.36306758144209,0.788421227887517,0.26735859737417
1389,399,10,0.788994160700754,2.57628384052223,0.00322128602563336
1390,2724,7,4.91807548647336,0.256365565856666,0.00138234178743701
1391,3362,8,0.693980738241222,1.19272103282971,0.0645762171054927
1392,156,9,7.90283266283671,0.918058565958706,0.007594803598275
1393,1715,10,0.513465760110219,1.70017467951035,0.103038529852988
1394,441,7,4.0757234225815,2.96670635594664,1.38114389134666
1395,1399,9,5.7042083651032,1.5259009980816,0.299200582832088
1396,460,10,0.419624901314192,1.95258681245814,0.00176350435786835
1397,373,9,0.0575560031851332,0.847504643335354,0.00730595345330238
1398,294,7,0.805837659836574,2.25405609012083,0.0031307670727179
1399,1899,7,0.561874936153428,2.33364912133428,0.328245344602514
1400,7501,8,0.96989567145886,1.1597092765068,0.00722337303429417
1401,5315,6,4.85096121369799,0.468343043796816,0.315673065817319
1402,157,9,0.0891806365046886,1.51908526234758,0.0567163937992079
1403,158,9,5.45555039045853,1.46666553525916,0.360513735781543
1404,2017,6,4.43945618036822,1.14435034287277,0.0103883570718605
1405,697,6,0.000100485023634541,0.627764240412155,0.00105928424497742
1406,437,8,8.35402084874099,3.63008314416339,0.00107041414550681
1407,295,10,6.81372651250715,1.11502414339294,0.00986909107007486
1408,4104,6,7.33924755404553,0.361286004992964,0.0218704522800687
1409,295,7,5.28411841392937,1.74340935579379,0.0972093947366919
1410,921,9,4.03504683765502,0.842573608102159,0.0935942089874965
1411,4050,8,0.405512686437018,0.275479404785635,0.176046294131442
1412,780,8,2.09167562842143,2.48087547030982,0.0406389215390747
1413,2452,8,4.97905102595245,2.51688771698943,0.00194171522011348
1414,680,6,0.875818260841084,1.26341549932874,0.0769313121446242
1415,2193,9,2.24241713744396,1.42912699989143,0.0222585111196398
1416,3252,9,2.21781952735255,0.557257429191925,0.00368721592039319
1417,3575,8,3.93617597714231,1.10292896598806,0.31958753574737
1418,277,7,5.6775779072362,0.686671938877034,0.00434434822025295
1419,5461,10,3.78491816712324,2.1680185186097,0.0992841614209482
1420,121,7,5.7914990966275,0.422235267848274,0.00540421196507577
1421,236,10,3.47845204038144,0.689804949326536,0.928212752172295
1422,425,10,6.70425984581556,1.35660866459112,0.0656666505965219
1423,1842,6,1.67745135982755,0.164270510212592,0.153909869758288
1424,214,7,2.22864828546664,1.92415277132701,0.0631331645049427
1425,698,8,4.06203271596178,2.63763765659128,0.00292162611550533
1426,259,10,1.2374371875826,2.83865809199304,0.00174630655897219
1427,198,8,2.52055525330133,0.459947274271485,0.221936876400288
1428,468,9,2.05563560435692,0.226408501260736,0.279267336214391
1429,2176,6,8.57597751213517,0.992988036680373,0.0015340151463946
1430,8110,10,0.00798340232495782,3.70315833990693,0.128375548752537
1431,692,7,0.103223899715716,0.602215026114541,1.97595461467601
1432,1777,6,1.84798596547743,0.389605738835964,0.368954903361746
1433,2649,9,0.250802039725454,0.642467360596654,0.00347433236742786
1434,1584,7,7.1752638759791,0.585975702612237,0.414505204380391
1435,739,7,0.383653338365897,0.60561673244074,0.00208487089008802
1436,1231,10,1.63822071062892,0.955985569614725,0.00124612112976169
1437,1150,7,5.31867093350031,0.613411402355537,0.229639507324673
1438,396,6,2.12248866895536,2.071427077244,0.0739891090725849
1439,1308,9,0.998965246199429,0.0991599105437215,0.00621167880382739
1440,164,6,3.80255422540714,0.373477686851353,0.0237972179398382
1441,823,10,1.8617204648775,1.40183111403483,0.465542386450298
1442,319,9,0.644443043177241,2.29760112286324,0.0313729659320349
1443,316,6,0.00110094719695394,0.535737066646922,0.0303798859044683
1444,5629,7,0.706321766740869,0.493709433089259,0.0980908340200474
1445,1587,6,1.35812838784434,0.123523387181001,0.199944079056691
1446,5080,8,0.163331162484838,0.253207085476778,0.00174111235968077
1447,227,10,0.00241283470396705,0.989540476410827,0.0269280687927069
1448,761,10,6.53722240814934,0.24994021255198,0.00369653742604861
1449,150,7,6.45811812770395,0.601309027279986,0.00292281227277186
1450,9664,6,0.810681247663119,0.465860932456555,0.526222703251092
1451,2900,6,1.22246087073595,0.264923239119797,0.412389885721383
1452,9136,6,0.0463367262504485,1.24469591563108,0.0019958947853365
1453,144,8,1.92797124972786,1.27304040541995,0.00961095329124585
1454,8196,7,4.71247488256933,1.86575229270715,1.65177400552553
1455,5805,6,3.39134156343041,1.55643745091523,0.0148484024151929
1456,5787,9,7.75884984241287,0.807659933266959,0.010825248834528
1457,2020,6,0.0584440914489951,2.30026839823698,0.0201169344438417
1458,6894,9,0.170093539435339,0.376153713032452,0.00254748974241404
1459,2469,9,4.67673692742158,0.942843598033499,0.00831892582137794
1460,617,10,0.0250459047212863,1.03893442741719,0.311504663213401
1461,2776,8,4.87541764569493,0.598868627736132,0.137683065106925
1462,2864,10,5.14710932806532,1.75161826867268,0.591405386098908
1463,814,7,7.7818817529351,2.50452632269441,0.243912890097545
1464,146,6,7.00332694076254,1.69654659237835,0.0220356518155434
1465,4569,6,1.93016260116739,1.74044859564892,0.0151330164383964
1466,152,8,1.05443052267532,1.99113678093576,0.0316988312420559
1467,7581,6,2.01909302528381,2.04668205553891,0.174434726319385
1468,615,10,8.8137054725978,1.33660531799963,0.122040262790576
1469,579,8,0.747151636721882,1.49726961579189,0.799583004549123
1470,208,6,0.781003509784816,0.406876193455935,0.00603000729422613
1471,1644,7,7.29539061915971,0.359300527497913,0.00214886540347898
1472,196,10,8.6907516810057,0.993770130126794,0.00836086808878885
1473,2300,7,0.140482678308351,0.517656939319968,0.00550705145136418
1474,4806,9,0.36618400484611,0.193420127472171,0.225025918088407
1475,2700,7,2.68799980168205,2.51894852969804,0.00254092542659061
1476,490,7,0.884121354189235,1.63108739643301,0.028614267513063
1477,780,8,8.52393706425155,1.26861560531637,0.00880370176077388
1478,209,6,0.0432248030226103,0.196195088215656,0.0199215937455797
1479,115,8,4.23750788869537,0.326374475816403,0.622391944346316
1480,233,8,7.43819075299866,2.64263032291613,0.250472424452824
1481,4118,6,0.0162097442227889,0.166508808934181,0.00648525925791524
1482,1561,9,2.86415125565205,1.42967157867684,0.00748086199126832
1483,262,10,0.57240889964719,0.219186481639106,0.0187606048450824
1484,638,9,0.0192506047051323,0.0250277042911694,0.00593999308277936
1485,5732,8,8.06423443305617,0.910969352425209,0.0022733497104085
1486,3176,6,0.800106286447339,0.40374925821276,0.140191684028028
1487,1401,8,0.0196601220118045,3.57945140951579,0.00174847088201151
1488,141,10,0.0325896813915157,1.40111601392244,0.133065230730669
1489,855,8,6.92700215878556,1.43970121826804,0.00257721670227705
1490,1493,7,0.334439848519837,0.0932501224984676,1.47095344220113
1491,422,10,0.99712668394487,2.13202675028983,0.0495566837457835
1492,5459,6,4.09173336122633,1.17734627343679,0.126699794302579
1493,545,7,0.478633994816365,1.0990876099995,1.59987386554405
1494,4657,10,0.222786985509772,1.476501891924,0.0743000974230779
1495,2295,7,0.546165136219713,1.40803645723371,0.00351733199886205
1496,982,6,6.29932268717668,1.272685861201,0.519546576800625
1497,171,6,3.22147124154148,1.61546117556131,0.0533891175157164
1498,1863,10,0.602484696328256,0.830422351772159,0.00103305402276483
1499,6889,6,7.69114437278097,2.22863229919218,0.0328675833507623
1500,188,10,8.70720935194072,1.48931180236665,0.183931069778335
1501,3315,10,1.66432374067251,1.39839650530814,0.251295253069106
1502,170,6,0.0545128585099696,0.44842489719843,0.939273705375847
1503,2987,7,1.88679251602781,2.3774021378646,0.433517911525647
1504,1647,6,2.98660033383888,0.195617799924019,0.00501623946367159
1505,157,7,2.13457212279911,0.617168866962498,0.061227348675827
1506,400,10,5.91335766181502,0.277825167542498,0.837142449063668
1507,732,7,0.000210114171325054,1.56706905770933,0.00151960911278761
1508,973,10,0.65788588040763,1.29331392436841,0.709510454795268
1509,900,8,0.00344784615997145,2.09338413757323,0.137964062570546
1510,459,7,6.67683888050269,0.42083603070215,0.155643793267104
1511,156,8,0.66172589471211,0.610854215122843,0.168791771912666
1512,7010,6,0.0102603818779747,1.84977210821531,0.0248315263923927
1513,1623,9,8.93363101612133,1.2361897000081,1.72242150868755
1514,276,6,0.636425835017738,1.83403147461084,0.0037661473216899
1515,175,8,2.43119307412975,1.91071590829234,0.00123043920198965
1516,653,7,6.7319020048148,1.09448546960095,0.104000774445973
1517,6389,8,8.64507293354239,0.223937797086778,0.157509144159674
1518,4494,7,6.33922495034591,0.805412319273309,0.11858442237765
1519,191,9,0.0376540405114135,0.19407529082237,0.25279028957562
1520,185,10,8.10399206084524,1.25734543663904,1.71647787732959
1521,1347,10,7.49086909669661,0.214140614925448,0.00100765557580991
1522,1401,6,2.09077022913314,1.78311529304683,1.35760633669918
1523,450,10,5.14573766813341,1.74151295830263,0.159354551784334
1524,1577,6,2.07789520594319,0.61651627636628,0.234000757002189
1525,3892,7,1.37263493013878,0.108115528188845,0.0013269353928067
1526,2390,9,0.0417175791258993,0.345433519769133,0.00535608528333661
1527,137,6,1.96272359014769,1.56997695794495,0.0462502925039713
1528,4195,9,1.43927703360017,1.59629475756138,0.304436374601713
1529,2937,10,1.2229514953627,1.11467755714062,0.764376566940873
1530,4001,7,0.445597839542844,0.716201788188477,0.113670924741571
1531,388,7,0.912605830843988,2.6197797934314,0.743757520555757
1532,1182,9,0.919092480344265,1.22319902665495,0.850590673023146
1533,1223,10,4.03635406823401,0.39172225411869,0.0199274448709225
1534,5431,6,3.55314449040898,2.85903507578935,0.20815158409491
1535,864,9,8.63313921962204,2.03688506695963,0.0118414183230237
1536,2151,9,1.2698945203048,0.196592991552356,0.00214769158227769
1537,262,6,0.0824137613202441,0.565844407823332,0.0688087835542224
1538,2255,6,7.0280994053377,1.79418773969168,1.33765254309119
1539,1912,7,2.73112944307534,0.414363235392475,1.98107480771511
1540,323,6,8.21068964267601,1.19590905176438,0.460955867109404
1541,8939,10,3.90588401350769,0.360994981471212,0.223202058728726
1542,6995,8,0.064930002239331,1.49568944603167,0.00211414704319603
1543,3907,8,7.37265095022571,1.62709217276245,0.00250482491020034
1544,141,9,4.78066831182675,0.0383952486870503,0.141175577872736
1545,8747,6,8.91720612208622,0.386701658380705,0.908596430387951
1546,1789,7,1.94785204422605,0.381532480866416,0.0255338344961866
1547,1316,9,3.88015109181976,0.656630261586584,0.211588506984468
1548,343,9,3.74375146414696,0.384316265177632,0.457084148367462
1549,5763,9,4.36324960459192,0.80654589280637,0.0119136685138008
1550,6248,7,1.09726279672243,0.278365631962378,0.0249451461278332
1551,592,6,1.21354311372777,0.868830273827619,0.00109757109530175
1552,781,10,0.149363244215882,1.41122775334081,0.0076517811568334
1553,2161,8,0.00387110260868086,0.794831115770262,0.345882201455842
1554,5931,10,3.48348749014912,1.6386839743307,0.0861243061736665
1555,3412,9,4.96765949764583,1.33539184714181,0.00938018972627389
1556,4752,7,0.139935552867023,2.38657875965226,0.0431865021884275
1557,622,6,8.55386542459371,0.894093324305126,0.0659013055127909
1558,6149,6,0.366239159821182,3.45637429931013,0.0914451544159517
1559,2383,9,4.41566356924862,1.74061025349859,0.00395416619392771
1560,295,6,4.54092844805326,1.34906952058358,0.00339622844465513
1561,210,7,6.82487582359622,1.00865030228571,0.0011928256206334
1562,218,6,1.0442038561093,1.7247510308896,0.00639630312659885
1563,6357,6,8.8214173473261,0.822621149105227,0.0741876865320842
1564,104,10,0.00356936664808786,1.0489886438028,0.014251928119627
1565,194,8,0.0578409214261698,2.49470573963933,0.0280220339688365
1566,107,7,1.00836842500651,0.881236360728289,0.0130604828564119
1567,708,6,7.7235238162769,0.618394192392098,1.06246666098569
1568,237,7,0.629092542074834,1.62423148119905,0.036884235339625
1569,3566,9,1.09319714355487,0.96599063811038,0.0472914832415523
1570,613,10,0.000794011054174158,0.757754780029844,0.783552042932372
1571,116,8,0.461685050046206,0.357077818621082,0.0850961472459988
1572,300,6,1.72647578872055,2.36145567855547,0.00116808715561613
1573,1580,8,0.00118278280305076,0.835776593854609,0.0219583636316179
1574,373,10,0.236336596982069,0.214392753807189,0.00104418850154025
1575,140,7,0.0114415704078476,0.755164729474882,0.00278876599566226
1576,299,7,1.30312219684478,1.28261554275798,0.0618069372206766
1577,903,7,8.02594542364119,1.05389062766671,0.0753312568100425
1578,9025,10,3.00805314923592,0.0470157231177493,1.04472052422104
1579,757,6,2.06170992401061,0.872577052119237,0.00107492380889763
1580,8644,7,3.09296678793863,1.82739292971926,0.232677953997168
1581,6955,10,0.364262133888908,0.0145934211106908,0.00220454568216299
1582,4328,6,0.37901743755708,0.218036779217818,0.00722672504165016
1583,330,7,1.86380399241542,1.17686995951073,0.00714602034245525
1584,4545,8,0.00768890963240827,0.859684779053605,0.00471236218916154
1585,106,10,0.10768608925415,1.85600228561873,1.40662057399562
1586,6948,6,2.46651665153852,2.09577562949464,1.45482421895918
1587,7217,6,4.30223168874088,2.41609322280447,0.0517719777245251
1588,5551,8,0.0423823659016984,0.759200111999421,0.00599188928260624
1589,858,6,0.398811982475941,0.844000967376986,0.900279309214636
1590,3688,7,0.153402930202207,0.266248534315876,0.00238821874871236
1591,130,6,0.20313461502094,1.28031464719784,1.7597601499666
1592,1549,9,0.00442002112250656,2.5512446067267,0.000985553573000581
1593,811,10,0.109707308618925,1.29915854838468,0.0785213466821427
1594,388,6,0.00017932706814982,0.372114586579618,0.0114692085143217
1595,597,9,1.51604132244663,0.960419479444525,0.463938120687607
1596,7306,6,2.90958653745042,0.192371222351452,1.98649047830447
1597,658,7,0.0527460762819001,0.599435037693541,0.00366922806284288
1598,145,8,7.32499226525883,0.956838017162856,0.00571021721639906
1599,3065,6,3.24249303878994,1.7318667338056,0.00372313830331051
1600,144,10,1.71970956912363,0.0546511794026564,0.00613090512202508
1601,4285,6,0.0327365640559008,1.20689903263071,0.0408873345490774
1602,4977,9,0.751005565571023,0.534752136828901,0.00493509074862252
1603,9191,10,0.138640039101974,2.10859896935214,0.00201580264269873
1604,254,9,1.62782962846097,0.249079888872494,0.0058540301319889
1605,5824,8,8.2252716677747,1.42780985466359,0.146831282682218
1606,3654,8,7.41371442766317,0.629287053552627,0.526153619999433
1607,1836,9,4.61338266359339,2.43757108929694,0.0019998611230893
1608,1454,8,0.912377560633829,2.2062328861315,0.0338396803974167
1609,7863,7,1.89566931501877,0.0693916653100568,0.0140173424524807
1610,2179,10,0.0731341923849475,2.51450313058212,0.675118168224505
1611,3586,8,0.102791881553337,3.31051913291485,1.09596869187175
1612,286,8,5.18182937928673,0.451075935834128,0.631451681860558
1613,6888,9,0.462219518344799,0.368498886422529,0.0306503990790535
1614,1312,7,2.1075963773975,0.379996715392022,1.13466116312201
1615,156,10,0.452963833908194,1.31969823147286,0.275784682733398
1616,687,10,0.234367617383471,0.209333756038359,0.00193495834899061
1617,8631,9,2.4367740572067,0.422546267901157,0.00859066387958085
1618,4446,6,6.79857891975883,1.97574117602403,0.0447624312039826
1619,7506,6,0.0342435424724258,0.730444720424575,0.00188969607526227
1620,8588,6,3.78887064366298,2.41714435028944,0.0391534821292568
1621,113,6,0.358333725809074,0.367600296574093,0.00810605133290466
1622,531,6,1.62758990249718,0.774799661017433,0.168150900213077
1623,2143,8,0.239072211474831,1.10499790994189,0.00990799989174505
1624,1325,8,2.37600952557852,1.79108767407017,1.11548759830909
1625,820,10,1.11247030572729,1.57020613965414,0.0979299913967171
1626,463,8,7.76349769297392,0.566111807421714,0.00315879418655984
1627,1456,10,2.48413367439973,0.116187415885662,0.051495432883682
1628,314,8,1.77002839718347,0.694124465382346,0.429137546071752
1629,397,8,0.231411869940936,1.299403901978,1.11249421941307
1630,517,6,6.69424877596204,0.177608074238753,0.0268391524853134
1631,3903,8,3.06009299590122,1.49246801503386,1.09246721130523
1632,980,10,1.14645029150683,1.54072072531829,0.117882229964746
1633,9505,7,2.37763143089282,0.496925589674683,0.0903896566040572
1634,436,10,4.62830217389721,2.90599700181605,0.0100757932792348
1635,1187,10,0.249149460194888,1.07901246357949,0.0245994260359503
1636,4769,7,2.34742930647636,0.97024164485764,0.0011098162929909
1637,8609,7,1.30449319365945,0.498001571115577,1.47694385549901
1638,262,6,0.210689193989058,0.284920349700546,0.00428184861979806
1639,134,8,4.61635921685598,0.300243141922334,0.00572098615765128
1640,918,8,0.133179923456501,2.32473215125386,0.926356657549554
1641,2595,6,0.0202125994350282,0.276610757832917,0.2027674471257
1642,5261,8,1.24661218883814,2.2873642568729,0.00101095929368433
1643,784,6,3.81002408230838,1.60760132294555,0.0841817593680405
1644,902,10,0.00515795958979262,3.08633173409242,0.0030832876758754
1645,5199,7,5.59830126399766,0.00728505416598794,0.293012026664255
1646,7866,6,0.0918827978699697,2.50540242330144,0.0707779975173483
1647,212,10,1.52868215107808,0.375930705931886,0.00218670773671549
1648,1386,6,1.9263883773632,1.82110892633428,0.0124139805001514
1649,1215,9,1.26117850834635,3.44039702397595,0.65050729857686
1650,2100,10,4.42487290705479,0.0885235317763103,1.43399162728279
1651,235,9,0.153479819107573,0.0385530710653445,0.039625721468798
1652,264,10,7.48443950269945,0.868846946544695,0.0532019448004199
1653,316,7,6.03604693757937,0.310276671913338,0.00404535470824429
1654,2977,7,5.33889109012732,0.781755032283557,0.0961753529050317
1655,205,9,4.31665691335342,1.82642088815815,0.00517753614193291
1656,265,9,7.1301503910667,0.993781477506043,0.331191287180524
1657,2034,6,1.97761049267611,0.342685649127881,0.00301673738391272
1658,518,9,3.49485685013767,0.37683472347655,0.265515238524834
1659,4666,8,0.412696809222362,0.571782850354683,0.00595659591919722
1660,5474,10,2.15186587442159,0.062322016013838,0.253464834005771
1661,213,6,2.66596316197335,1.2990665811735,0.609711696901024
1662,133,10,8.15675864687042,0.222985088302777,0.107238699882371
1663,1683,8,0.591528218714546,2.42696864059761,0.389195255747315
1664,4565,9,1.08397908172177,0.293470717489562,0.50000169867022
1665,249,9,7.36556798947116,0.195612391517128,0.00306108751882619
1666,2015,6,0.425025407814433,2.467525305858,0.582374301890224
1667,116,7,4.97556699249582,0.122370087103374,0.00256577462606642
1668,201,8,3.38242917154625,0.479369346734835,0.00155993417136459
1669,115,10,5.36219564735822,1.57165013565043,0.152813304834712
1670,112,7,4.72779385417488,0.404479750844442,0.0171247156234042
1671,1228,8,5.66663032531933,1.27036110324599,0.00318477489896503
1672,125,9,0.0247839042304674,0.480662082054517,0.02567600643394
1673,2878,7,1.14019116674181,1.29208361973783,0.0185218079897107
1674,180,10,1.00215020566042,0.380825153794655,0.0136603862143196
1675,2388,6,0.298212264268912,0.203162017177507,1.0421833501229
1676,7624,7,7.45231368941003,1.27250197101929,0.904501081230813
1677,311,7,0.373833556243358,1.00679345821549,0.0154168924870935
1678,252,7,2.17469454867582,0.886285346204322,0.0372242407892473
1679,103,9,6.54501570552494,0.3556984483443,0.00325587969372686
1680,222,6,3.78121343882707,1.417812932245,0.0223675233828825
1681,679,7,0.0649942298665629,1.46307389609922,1.85677156785591
1682,3946,7,7.29065670102759,1.68077922577533,0.56562246762065
1683,140,7,0.341514671741541,1.48699149701672,0.00757074178435429
1684,278,10,4.44563800445603,0.395800576410629,0.0588716236044524
1685,952,10,0.455341183161551,0.990456171860304,0.220130077603757
1686,143,10,2.21563325290256,2.6361963296945,0.0168222896277978
1687,5291,6,5.90830785921539,2.05970187131223,0.0130465655650613
1688,414,8,0.129676471071691,0.784198062813369,0.0519802766050024
1689,1317,7,6.41810310621653,2.3190807142985,0.00330497637745735
1690,4738,10,3.52247664594284,1.42902855766233,0.00128417809566791
1691,1373,7,0.783019910711149,1.18597725706784,0.00604612211296064
1692,152,8,6.23081595145693,0.171298298890486,0.00102783649954269
1693,145,9,0.148784922797436,2.79561339972208,0.0909925509169629
1694,693,10,0.531609252253905,1.41705701887347,0.00348907881310905
1695,370,10,2.90094611315157,0.697325415417181,0.420993199962643
1696,7678,8,1.76151208132315,2.89962224803484,1.12387001762003
1697,3165,7,0.441900342717289,0.682749639572989,0.016500663905708
1698,9614,8,8.11370296593523,0.847117871238745,0.343598254620695
1699,5059,6,0.507783764659455,0.885933890553282,0.0495986024939463
1700,2952,10,0.49557038858836,1.63054537989813,0.346059618069941
1701,7978,6,0.181572638114951,0.730522795679191,0.00699013139871322
1702,978,10,3.9316142987362,3.18375367945284,0.193959562333484
1703,8324,10,5.54473503942335,0.763111835069756,0.560158579004346
1704,4094,8,0.09296826994237,2.21038949451348,0.0196777103313851
1705,743,7,0.611723054109291,0.51070179717572,0.381259696823463
1706,288,7,5.92285052970447,3.40037771858228,0.0290369082359275
1707,283,9,0.0883214191124952,1.67171241784425,0.147137328971225
1708,648,8,2.93568189787722,0.466966641986857,0.0103046991820088
1709,1108,10,4.90009692840075,0.274417046877885,0.030814226820391
1710,8986,10,1.16254480415641,1.59014926886292,0.563655108770221
1711,1557,8,4.40914326970643,0.482808388888474,0.00217770575154575
1712,589,8,5.72388291191353,1.49455554743994,0.186269057155995
1713,8646,9,0.00334803174568681,0.298344445766862,1.27774913855864
1714,186,10,1.0885855631708,1.10982524517876,0.17954036854094
1715,511,7,1.83366845697362,2.59730718039105,0.722379293306213
1716,865,10,5.71582147148114,1.20673334836966,0.283255229787928
1717,7209,10,0.115952633004625,3.88061373737064,0.0491426290110464
1718,2502,9,2.21374022067459,0.65967679922819,0.00293516042655889
1719,1653,8,5.21630928387629,0.878633027329973,0.00105463398364462
1720,2129,9,0.00551577106006119,0.0870702558396772,0.0145308867292729
1721,7054,8,1.76819030491133,0.0198550614598003,0.10813472804528
1722,143,6,0.00178234270940074,1.49601278178035,0.15848286664493
1723,2169,7,1.19059607258095,1.02552070389809,0.00900455472027317
1724,6643,8,1.2385370969722,1.83186913137994,0.00216697431943183
1725,239,9,0.0246431355246428,0.80453233200896,0.0125257506162019
1726,848,7,8.85102766596481,1.05036505940846,0.0668926836842487
1727,1206,7,0.314349062355865,2.86065574623841,0.00628760394597606
1728,741,6,3.84230716562101,1.46247244725037,0.136577086135773
1729,487,6,8.76278342573598,0.36139533953709,0.735623458779942
1730,132,6,6.29684813979789,1.82530055609018,0.00915611229247251
1731,4657,10,2.58059566391249,0.27330751880087,0.118634958972882
1732,2813,7,1.29339399424717,2.20167249856832,0.00270534275403109
1733,9998,9,3.38397883062986,3.44196518674856,0.0699134430513504
1734,5845,9,5.47246272627384,0.783769013778254,0.813626713810299
1735,9441,8,5.42672757463851,0.955423136014172,0.00164164117146196
1736,518,6,0.105673445496442,1.80482137068721,0.850074553818522
1737,124,10,1.59867203735195,0.0992392149254907,0.0010460690526849
1738,9636,6,2.78939208302293,3.25938445947142,0.600046803726742
1739,745,7,2.68576805034149,1.90434596299919,0.0105067308396391
1740,3331,9,3.9226486540616,0.614986240042253,0.00938516830337278
1741,980,9,0.0802512363467053,0.818167673703356,0.00286055481550691
1742,179,8,6.5913490521582,1.32810836734365,0.333057308866425
1743,1909,10,0.330150797513374,0.508626126597664,0.0779812871559082
1744,185,6,3.84988916893287,0.630290106738685,0.471543950923333
1745,2287,10,2.76611543351681,3.56696546077634,0.002339451760495
1746,2430,8,5.95973225220155,0.65864197418464,0.158131845350821
1747,4686,6,6.66731502174179,0.340558579090528,0.00335318212221312
1748,518,10,8.42845492029285,1.69763091356686,0.00264024952598146
1749,596,7,6.13265870656785,1.72677971805175,0.0101339672053686
1750,220,8,1.98277278909051,1.58854339759702,0.409295344637465
1751,572,7,0.0622537228183818,0.827065697281672,0.366401528871341
1752,196,9,0.853780950058512,0.920149631127002,0.350841054299307
1753,465,8,2.25669933302579,0.999442328212689,0.00361712795089318
1754,8545,6,1.52347497920835,0.462004911799147,0.0430471118829869
1755,5093,8,0.117009220501261,1.84791602214844,0.750502564240953
1756,4506,8,1.48677731822318,1.86255446756965,0.00285402483230695
1757,295,8,0.171683374821675,0.806171016917269,0.0362934806998378
1758,8989,7,0.00944389072821749,1.20918334459338,0.00103391497764314
1759,430,8,5.82396974364607,1.20137557045105,0.257209727853435
1760,660,8,5.4330654537762,0.269888840741358,0.0113880318936562
1761,2029,6,4.30113330514445,1.05530861022499,0.35780556320599
1762,375,8,8.90591520188952,0.0941959018512171,0.00327670656323586
1763,3471,10,1.83092505007765,0.691836941217058,0.0518178591869837
1764,563,6,2.63467399726213,0.976862697024254,0.137678800023649
1765,434,9,1.23450473485898,0.980187411012411,0.0159179488628219
1766,1759,8,5.24324929772796,0.9958214259199,0.0136705554809549
1767,7820,9,1.44963428228005,1.40402658793418,0.00205904644905957
1768,168,7,0.706977010153644,1.38498102350402,0.199034662530525
1769,1207,8,0.11455698188876,1.59420772458125,0.144620853508716
1770,710,10,1.17903480009149,2.69369782906301,0.0454521535127968
1771,302,6,5.94735685654021,0.898021141090189,0.00575208123271767
1772,3037,7,1.55955026738322,1.18915703530937,0.0244492070604368
1773,2885,7,5.16359736146672,0.837779060202886,0.0312808336857179
1774,6696,8,6.97997822689087,0.0976140938343183,0.00339471238273634
1775,438,7,0.645324425846944,0.83955953645024,0.0481561666503723
1776,606,9,2.48976582409245,1.49122954442896,0.335895664396402
1777,3499,6,6.61749434319215,0.453224885471509,0.0281164192048454
1778,421,10,0.492094610679271,1.12627411077454,0.18901633824947
1779,3669,7,1.96472738637715,2.12173576210448,0.0859331210150661
1780,6296,8,5.58341985268887,2.09187079078607,0.0602289398723821
1781,6079,9,5.66679817331703,1.00721625052072,0.0813035284858982
1782,2461,10,0.0485835880474811,0.640221735885068,0.090882336473989
1783,913,8,1.33912533428437,2.76473020039352,0.160068859881791
1784,285,6,7.59261128056116,1.32893696777187,0.093091589216138
1785,9858,8,5.12621235532404,1.47281174387159,0.509363849098363
1786,6175,7,7.3470101498171,1.51700888744047,0.0537858124098022
1787,153,8,0.004413341311925,3.03226967325217,0.00159961662035457
1788,1181,7,1.26889688078134,0.868758309320478,0.0013586053820584
1789,202,7,0.52517865594332,1.11760460248987,0.00156667216138058
1790,4696,10,1.84332671270284,2.41350033936094,0.429665171396654
1791,375,9,0.606476740870696,1.0007819496018,0.294217831866826
1792,171,6,5.91891402153509,1.00907894302496,0.143562922395334
1793,131,7,2.7130219656586,1.79098043077994,0.724000667474269
1794,441,7,8.84877357489545,0.618315918515511,0.0341046090212007
1795,5916,10,6.99241738562839,0.0198615369408265,0.188768208799754
1796,1075,10,7.24545691085779,0.18867886814264,1.64375404814875
1797,2772,6,0.491444025370077,0.764479497460142,0.0370265261854077
1798,254,6,1.73668734286858,1.71526638183095,0.00784647083518268
1799,2358,9,0.0360028988433017,1.02860671629788,0.029074648694691
1800,170,7,8.2342810623209,1.68941681353855,0.615532946133202
1801,894,7,0.0395803466695067,1.43847490192105,0.00328342344332065
1802,6012,7,0.322394682831353,3.92100591687937,0.175857389632907
1803,3708,10,7.15739935563814,1.14599280820289,0.00132427355289156
1804,277,10,3.47586415377571,1.05440296608812,0.0424542377028162
1805,1432,9,0.335274080400462,0.575775320412249,0.0911893060328555
1806,1206,8,1.79250780785348,1.89369556753678,0.504254885666121
1807,841,9,6.20765808038835,3.43617235954894,0.0044464639213791
1808,555,9,3.6890749386421,2.2580654438411,0.86648798007217
1809,683,8,7.67137703746827,2.61795698685837,0.00125878439823192
1810,3438,8,0.51836080960346,1.48246614674733,1.31848869109036
1811,283,8,7.45548767270435,1.24415065634864,0.0454881393406833
1812,2621,7,3.72880734487815,1.44736566384152,0.0223552300010118
1813,377,7,8.7201577225581,0.0999710184457373,0.0010737823412026
1814,836,10,0.0214008793801525,1.08012622784914,0.00108008320604987
1815,204,6,7.60825412262174,2.14774602870514,0.108385042760484
1816,308,8,1.84774861797143,0.228643196892267,0.0285047180250765
1817,2055,8,5.81745953137694,1.72076455004101,0.00188845669857257
1818,1104,9,0.11752087658321,1.15262835550646,0.00120506376199674
1819,7033,7,0.234662375811088,1.15712143797241,0.00303297381893956
1820,6544,9,0.046419157992151,1.42702593015547,0.0369469757764449
1821,2550,7,2.06841216641432,1.44633895722996,0.00245988086339859
1822,116,8,3.13345916135022,1.04390188379186,0.0286359346286271
1823,1124,9,7.71113438367895,2.01511673267002,0.986474329037093
1824,172,6,0.17838195485657,2.10646394221923,0.0269161214682325
1825,164,7,1.25929192214169,1.60245945428909,0.0328131893071397
1826,926,7,5.57178073753509,1.4710130371715,0.85733515440933
1827,115,10,2.01954959868745,1.50179107231337,0.142357510330638
1828,8648,10,5.73637180843291,0.754702293103246,0.00247502313632102
1829,116,9,8.28352961703911,1.83376116381239,0.00571992934518403
1830,269,6,8.33638171598422,1.65958303533469,0.0178806247053375
1831,2552,6,0.404514206304461,3.07129838114024,0.00394133781426725
1832,8558,9,0.457206577495205,3.75396265373668,0.0136274466031253
1833,3728,8,4.57488875048324,1.23347859073419,0.00231518064054265
1834,443,9,4.79192050488256,1.27032087673557,0.27252672113258
1835,2861,6,1.19866556789342,0.425787083710192,0.187805773906751
1836,112,8,0.000335003402146542,1.7740464546933,0.0130603609473264
1837,1681,10,7.50212895401154,0.440912651322583,0.00328009013641988
1838,874,10,0.0114419097630898,2.40924553654655,1.65172207817988
1839,9275,8,5.28362733129384,0.597153136331343,0.215233826401751
1840,226,9,8.79976368556535,0.0729598259859942,0.819392744449241
1841,148,10,4.07130409892032,2.1426443463236,0.00153812002263313
1842,137,8,2.15466441103261,0.635408649852382,0.161921749534397
1843,137,8,2.7779572087651,1.16906133777413,0.00578653232906453
1844,3868,6,2.29566652879332,0.720105573661155,0.221711724788131
1845,607,9,8.43456364506734,1.19470230696914,0.721697801259225
1846,281,8,5.6936780802427,0.76382593678782,0.00136441086792965
1847,829,7,1.57052415089179,1.47232783147843,0.315286408636274
1848,522,7,0.173556256147295,2.79503129770922,0.00425282599960375
1849,156,10,0.157295963276628,1.19270864746646,1.6141873363282
1850,326,7,0.659258798876917,0.38147879352963,0.0413494644622862
1851,376,6,6.5083433041527,1.36874503139311,0.0194595557652794
1852,141,10,5.10578990507421,1.01231871663985,0.00125042849619656
1853,381,7,4.12206760023307,1.48415051596984,0.00104076573995286
1854,2200,7,0.182074498818223,0.785775666995092,0.00305766106805657
1855,7352,8,0.206387650238035,0.440059594944696,0.0485815117878001
1856,1517,9,0.727511116084847,0.565212669345244,0.00142865840990148
1857,2676,9,5.08017043100263,2.58050831198886,0.0351369647632883
1858,223,7,2.78915000100796,0.748121758600399,0.0191716652622989
1859,2882,9,0.214846253604161,0.0155734388955958,0.00097991003284387
1860,5103,6,8.63701413278288,1.43439756989601,0.0523426669311318
1861,4655,10,4.93757218069686,2.3763299530245,0.568072620795989
1862,8206,9,1.29310427724824,1.74217318679521,0.0321378586882682
1863,1230,6,1.5046257879783,1.00247803097354,0.0396435825223655
1864,9266,10,3.50030721046334,0.975024436653534,0.247947739453877
1865,4840,6,3.63521861207718,2.13551474474958,0.0353680663166674
1866,4299,9,4.20900613863516,0.353381368070891,0.804660480703964
1867,2982,9,0.0735650902744925,0.104541824084977,0.126989361497174
1868,5904,7,0.481105314976067,0.209140166799084,1.74332587144224
1869,1179,6,1.6556292644579,0.85388379428876,0.00108092731791359
1870,990,9,0.261318624139687,1.13239527232661,0.0144896116345045
1871,608,7,0.099427804559505,0.893211957848123,0.00112093457254524
1872,3589,9,7.79738501504947,2.40022282929389,0.00216812759521236
1873,811,10,0.805603293509716,1.39204079653505,0.0690289938198977
1874,3920,6,0.620791864442735,1.84684773447821,0.00212691315926011
1875,1845,6,3.78711820608418,0.210794001596422,0.00470239098981973
1876,7784,8,6.94154341428087,0.46442981770165,0.00746774046901429
1877,4660,9,3.15306518775652,1.22024133470517,0.0108400385836173
1878,108,6,0.405110535056302,0.147389095273329,0.218941107152029
1879,3541,6,8.71566972193543,1.2863863650841,0.0175430449806759
1880,4440,7,2.19394910373616,1.56755451099494,0.0199811332523821
1881,366,6,2.4667675948172,0.656848430203489,0.00164498333375038
1882,284,10,0.168896350155341,1.48323236200477,1.00573069992387
1883,2225,10,0.0110235363897499,0.751197778658833,0.0486200126817082
1884,4670,10,0.0264153262109255,1.30101953760069,0.112454060798181
1885,300,7,3.84206352838701,1.46310209659772,0.0182349173546312
1886,455,6,0.0742062784003514,1.65805806700794,0.0160146461841692
1887,407,8,4.41175166879979,0.144752026448424,0.236673466463004
1888,4710,8,6.52000200084296,2.69190926728394,0.00732122664234183
1889,839,8,3.1642186172729,2.4119709890073,0.374015426641321
1890,9778,8,0.0813500493995579,2.25414713066602,0.271844689432016
1891,147,7,0.86551043991035,0.11330064120491,0.274270913643063
1892,159,8,4.08354389421547,1.25725995150721,0.96107915151221
1893,139,10,2.70062834863916,0.570315963963957,0.0113502305756555
1894,1388,7,1.27142696434239,1.94026800007162,0.888389906428616
1895,244,8,8.06955831634022,0.0990850279141269,0.0115537408657263
1896,6361,8,3.85118600971494,0.975393774556353,0.802154589944919
1897,1819,10,1.18362656385686,0.134770163586028,0.0197067191380377
1898,713,9,5.06247353731853,1.51687163356823,0.0848577161536298
1899,115,7,5.55566466712572,0.366751201870086,0.0138200887699186
1900,261,10,0.803114382672638,1.76529437687662,1.77951728262799
1901,2454,10,0.10900325975092,0.930364551731203,0.0311830959552782
1902,3132,6,1.41833294741247,0.157669022123061,0.609021419654593
1903,239,10,0.0937345670010196,2.3059043055519,0.00485226931606966
1904,434,6,0.0310376821962625,1.63581665551853,0.00409640552853884
1905,231,7,5.75485321060687,2.97723523549203,0.075908362913528
1906,5554,9,0.0649087763811181,3.31133507515141,0.00186539397892814
1907,1255,6,7.05653370949397,1.2907409530314,0.00545177751372644
1908,3238,10,1.12064773375541,2.29039696964483,0.00115496271873226
1909,114,8,0.0963703846917994,0.354236688827189,0.0109622354981111
1910,2179,7,3.6763654187231,2.64896270658657,0.0410638399846537
1911,1541,6,0.937394281688008,1.74903576511537,0.308576870909801
1912,246,8,0.340488960518055,0.987114322512874,0.00129836864374743
1913,701,10,2.75754822558709,2.30651143349621,0.0464521204545957
1914,4745,9,1.01596802286525,0.339402296071856,0.218884225481225
1915,952,10,6.10440867390876,1.03162806086192,1.47789788525331
1916,123,6,0.542568775175537,1.33726741358529,0.00888645412626606
1917,2887,7,0.998570774422469,1.07381563080457,0.00350908708659689
1918,2151,6,8.65029471404741,1.79659580783689,1.80539925643834
1919,8991,7,1.01354656984486,0.24094940082638,0.227505905866391
1920,452,9,0.237618662328168,3.56919222932197,0.0258080907263549
1921,5719,9,6.45674952530775,0.555915318750782,0.157343685373459
1922,778,8,2.61340005586769,2.62602152942295,0.0164713548304259
1923,178,9,7.3970628372936,0.698647888486129,0.37053848348869
1924,7423,10,0.105005241934242,1.29715552719977,0.00404612387643758
1925,3837,8,1.46931492941824,1.150003445342,0.00259717541937152
1926,8220,6,1.74276768677703,1.68860961012176,0.0119934385053917
1927,8167,10,3.95148445968815,2.97474118166538,0.658270493541727
1928,1200,6,0.024643345176246,1.3469543377118,1.50399012477389
1929,612,10,1.04528086802594,1.87500341718344,0.255909881476297
1930,5588,8,0.142883319175294,0.386294699089395,0.00298504164691822
1931,7228,9,0.0604210202257043,1.41742523225418,0.0297549727060122
1932,9550,9,7.30955249201806,2.27845326771226,0.0256366814062683
1933,477,8,8.12063143869154,2.32166227363778,0.749396379992959
1934,272,9,1.49790231130401,2.12931833510167,0.592300386796448
1935,1972,8,0.013124979059132,1.22369723393039,0.0203686718682814
1936,8765,10,3.6835255746217,1.42629983757674,0.00538072887136262
1937,252,9,3.78867988921298,1.8209284228029,0.0350627834460222
1938,5957,9,1.32661934334317,0.274217310508115,0.00178855724860687
1939,370,10,0.128679044598615,0.106890957086253,0.00115706545989622
1940,348,9,5.48124631371854,1.17697366699084,0.0455381978581248
1941,232,8,0.0161974231456359,0.467085176278157,1.7977961216893
1942,186,6,3.33447234126558,0.427255351921064,0.0247768447272866
1943,1292,6,0.165317026098861,0.420563476122933,0.00566798132641994
1944,3445,8,1.33297324157539,1.35223245915631,0.0447829366504159
1945,974,6,4.41315474733251,2.19309039454846,0.41301558349087
1946,948,6,2.27294079385616,1.50887132925679,0.0421452877521921
1947,189,10,2.82295254723832,2.62702758081402,0.0898977425360111
1948,523,8,2.77896348205799,0.218229208669922,0.936412343651796
1949,5623,6,0.661091737775186,0.522970809417676,0.00625996147044874
1950,107,7,0.0267048046829419,1.39888507942791,0.664010439447182
1951,1768,9,3.79926408341655,2.35481940425592,0.0138777142388612
1952,362,9,6.26151256591768,0.151735406169141,0.014100091051876
1953,255,10,0.131405217472629,0.00684106713688988,0.00494287360254362
1954,122,9,1.84684555119109,0.396424741085945,0.00531998085514692
1955,843,7,1.01213165436977,3.55258274404072,0.369886764510991
1956,9430,6,5.16091263940596,0.244739222957511,0.0369700066574965
1957,1194,7,0.656723345133895,0.42957702889149,0.0807661850383105
1958,718,8,5.77647759787191,1.57593907774043,0.557445697037212
1959,146,9,3.71608444617526,1.87161789127152,0.00356216310188454
1960,616,8,0.143785339683405,1.57615435422716,0.304533052519728
1961,682,7,0.961918864531617,0.483077352504733,0.00940843953046062
1962,485,6,0.18553207214381,1.32814144873531,1.40876285426983
1963,2364,8,1.08284966338055,1.85240635773256,0.119512738370606
1964,9774,10,3.60591978677238,1.70835784562666,0.00222463162727735
1965,697,6,0.496736663387593,1.74478433718807,0.00282245095468304
1966,680,7,0.837497449309843,0.917954531307095,1.25359261564044
1967,3710,6,0.00478257802387042,0.67814931409712,0.00245638508567423
1968,995,10,2.87382549118684,2.2043973951765,0.347601223911721
1969,1608,8,2.11183669053341,2.8340690724828,0.919889933834958
1970,891,6,3.45141731079524,1.1500638707679,0.105714682182296
1971,732,9,1.83788002719649,1.91052246752646,0.0062091940010799
1972,119,10,1.50883996046716,0.111824685252508,0.0140184848587508
1973,1095,8,5.93379066723053,2.23757860551309,0.642950931482846
1974,1053,9,1.75735234613798,1.82416170807898,0.0120382833078068
1975,375,9,0.324144442628408,0.0808027958959097,0.0527611233158633
1976,10056,9,4.75930738932527,0.42302181318323,0.00676525441011538
1977,1645,8,5.58297360681854,0.227049991767878,0.0298250114154078
1978,2550,10,7.09467775275005,1.69732375707709,0.211856531862889
1979,336,6,1.44393840111165,1.65030007351638,0.957291141465975
1980,2984,9,0.0601578030613777,0.404480048055052,0.0324977679870461
1981,296,8,4.61853513970722,1.8335664621107,0.456582940298476
1982,1152,10,3.77788469811105,0.0814375026327559,0.00165883223296205
1983,283,8,6.95066711191678,1.57157853361735,0.094722125510225
1984,3093,10,4.14448156586996,1.86393058135461,0.0959939639225897
1985,138,10,5.51091345954521,1.01051609694196,0.0145943015666674
1986,107,6,0.0568071122624958,0.551885414413574,0.0398869377717207
1987,3196,8,3.96989554005677,2.05509002370126,0.00113439306263461
1988,361,7,8.1887533364204,1.26976836987029,0.181798851067949
1989,156,7,3.85852264670778,1.15004851731142,0.142581717948824
1990,5046,7,0.0418746185990813,2.5780132195886,0.00504732203376389
1991,2130,7,7.60819941728499,1.55110588128472,0.0159004478934933
1992,904,10,1.52742229338292,0.152582043949043,0.457506769261264
1993,141,8,0.584494166144691,0.150922952144422,0.00187710305678783
1994,233,7,7.15676387429048,0.955684075343238,0.0048855946749932
1995,2480,9,4.60901824149942,1.92413891096011,0.0121973560190767
1996,1131,6,0.281104552670356,0.412224739712222,0.198860473484664
1997,590,9,6.51976220476738,0.288076878257148,1.49908790230697
1998,7087,8,7.61863332012794,1.85221636154813,0.779250742256423
1999,294,10,1.72089792940616,0.721813836759357,0.0900335998017541
2000,278,9,0.40284916240226,0.919356002330143,0.127208244086382
2001,3521,9,8.69696504582971,1.28398713793116,0.184602321145572
