"param_index","n.trees","interaction.depth","n.minobsinnode","shrinkage","bag.fraction"
1001,100,1,10,0.001,0.5
1002,184,5,6,0.00456176362826664,0.519174706377089
1003,8429,1,12,0.0280282899261567,0.516280809417367
1004,2095,4,17,0.00692387606997823,0.29244084469974
1005,1429,5,8,0.00181030844857429,0.319935385882854
1006,313,4,8,0.0112047424259922,0.714220445230603
1007,3758,2,3,0.00373886826611089,0.454310983791947
1008,8290,4,14,0.00389195560538159,0.928158106468618
1009,838,1,5,0.00835242265384583,0.263732888177037
1010,8858,1,13,0.0169149992408437,0.685464519634843
1011,402,2,21,0.00125638370391328,0.377933670952916
1012,1048,5,5,0.00162296143682106,0.378586062602699
1013,2604,5,14,0.076179040191425,0.277669501677156
1014,1482,3,11,0.0691862592039546,0.605455540679395
1015,128,3,6,0.0244635518628363,0.789875616505742
1016,1870,2,2,0.0251257256376483,0.766678701713681
1017,1620,2,12,0.0902017768754975,0.961350228451192
1018,207,2,11,0.00130083289301807,0.361439883336425
1019,1817,4,16,0.0141993313786689,0.256665950454772
1020,656,4,9,0.00351798832958391,0.699490079283714
1021,2412,1,20,0.00479000647022351,0.662233087047934
1022,3474,1,7,0.00499566588979104,0.367906682379544
1023,361,3,10,0.0491900108187829,0.708918388001621
1024,2053,3,14,0.00451682701069559,0.267142684012651
1025,1189,1,16,0.0039361814595433,0.85447293817997
1026,314,2,20,0.0117069580596303,0.545425377599895
1027,8020,4,25,0.0128913992403129,0.62884164005518
1028,176,1,16,0.0411977723421689,0.417990740388632
1029,5230,2,17,0.0021895706725195,0.954839642159641
1030,460,3,7,0.00368577514228181,0.513558311760426
1031,8694,3,24,0.025687557730991,0.359558722749352
1032,174,5,8,0.0459156528176773,0.624665737710893
1033,3507,1,2,0.0331734342995918,0.756893805228174
1034,340,4,10,0.0341612821005861,0.474341574683785
1035,309,1,8,0.0133980904086605,0.629835432954133
1036,386,1,7,0.00180386963704737,0.774700429290533
1037,841,2,6,0.0792534168026183,0.318956232815981
1038,1480,4,7,0.00245415415096689,0.692547168023884
1039,138,3,19,0.0201611477938567,0.747378311492503
1040,966,4,15,0.0104908725360555,0.789551628381014
1041,906,5,25,0.0881009284752134,0.424617588892579
1042,996,2,8,0.00418716538326334,0.486376005224884
1043,112,3,15,0.00178856676778334,0.903079886175692
1044,128,1,21,0.00416659000938545,0.684193040244281
1045,1414,5,16,0.0356546387530775,0.982086401991546
1046,273,4,22,0.001361105988515,0.266248101182282
1047,1316,4,16,0.0163972973016523,0.289859014190733
1048,654,2,15,0.00435183799612311,0.257516393810511
1049,8868,3,11,0.00113079337005007,0.326544295437634
1050,10009,3,24,0.00949159805153751,0.752196460217238
1051,130,4,23,0.0450331834096359,0.444945426471531
1052,103,1,20,0.00375741896918852,0.733644094504416
1053,5190,4,11,0.00387313567184456,0.24807406924665
1054,394,1,10,0.0105714314328488,0.211827656626701
1055,197,4,9,0.00997927959838527,0.925593104399741
1056,507,5,14,0.0670561804320508,0.334846455231309
1057,2067,5,12,0.00473481769718939,0.222015717439353
1058,6058,4,14,0.00153948391543319,0.206704558618367
1059,345,5,2,0.00362757235648547,0.217532117664814
1060,135,1,7,0.00139058736404971,0.59798979703337
1061,131,5,18,0.0422738869682509,0.618535734713078
1062,273,2,21,0.0031836765170024,0.998077975027263
1063,1563,2,16,0.00103656467770245,0.597627420723438
1064,779,2,2,0.0975715051708979,0.641634752415121
1065,578,3,10,0.00263692878937791,0.335086072981358
1066,401,3,18,0.00307400172642044,0.646121576800943
1067,333,5,7,0.0508678461819378,0.901678041368723
1068,641,1,20,0.0055915509399903,0.759258746914566
1069,660,3,19,0.0776755104467056,0.427739243581891
1070,997,3,17,0.00216939933218267,0.503769594430924
1071,915,2,19,0.0360293113736829,0.860013367235661
1072,1567,4,7,0.0936006851756451,0.5416868371889
1073,185,4,6,0.00198882453611974,0.835072727873921
1074,2010,5,8,0.0675148820925444,0.46251120492816
1075,5107,5,18,0.0185721218268807,0.601036208868027
1076,201,5,20,0.0117325652630719,0.654670244269073
1077,355,4,16,0.0315914779872148,0.337309751659632
1078,158,2,9,0.023174560133162,0.334358015842736
1079,138,1,21,0.00958936407915773,0.560648726299405
1080,129,1,7,0.0279360475028966,0.827274758182466
1081,464,1,21,0.00112169250429337,0.96959670688957
1082,2286,1,9,0.00806132933090061,0.980295692384243
1083,667,1,6,0.00377539661675208,0.71809427626431
1084,141,3,10,0.00939228937912536,0.46769422441721
1085,2889,4,14,0.00124897945212821,0.348116892576218
1086,103,1,14,0.0981173262156587,0.761604703590274
1087,658,2,18,0.0452547420514362,0.278241366893053
1088,1669,5,17,0.0363897300261474,0.583990836888552
1089,575,1,9,0.0696319115781055,0.279538751021028
1090,314,2,19,0.00799501196439567,0.518074225448072
1091,754,3,23,0.00555432859235854,0.805764767155051
1092,949,1,11,0.0444991971429,0.903555852547288
1093,5630,3,3,0.00165793624334028,0.262400050275028
1094,907,3,13,0.00769927278969021,0.909632358700037
1095,296,2,16,0.00434903066460653,0.748104668036103
1096,125,4,21,0.00340305628773771,0.475385360233486
1097,524,5,12,0.0322092731944673,0.358673267625272
1098,373,1,2,0.00109339166828142,0.922691784799099
1099,1364,5,9,0.0366613228667596,0.686059104837477
1100,2367,5,12,0.0126652064734548,0.746615828573704
1101,3192,5,16,0.0115218395867009,0.339419533126056
1102,6184,5,20,0.00155375034114337,0.691692444309592
1103,342,1,5,0.0413073805381581,0.97873673569411
1104,1475,1,15,0.0795865907191336,0.241693451069295
1105,4630,3,6,0.0285561925732624,0.838015131466091
1106,494,5,17,0.0222996480167006,0.649857027083635
1107,1043,2,13,0.0368065189047466,0.919911198318005
1108,1449,5,23,0.0024890207453017,0.315255228802562
1109,7852,4,25,0.00233282109100818,0.561273192614317
1110,669,4,6,0.0221323275569672,0.52010513804853
1111,221,1,12,0.0553776210677784,0.977382723428309
1112,1456,3,20,0.0195697146691336,0.657996261119843
1113,513,2,5,0.00122399415936844,0.6565749110654
1114,106,5,4,0.00374807373565124,0.3606180626899
1115,124,2,18,0.00138196432897935,0.651461957022548
1116,603,4,5,0.00330968062661072,0.953927003219724
1117,151,5,23,0.0406164663278615,0.420353359729052
1118,4770,3,4,0.00189974842550375,0.831468746252358
1119,2355,1,3,0.00650957630778541,0.652125777490437
1120,168,3,3,0.00341963301681314,0.41552917342633
1121,133,5,7,0.00640904479392672,0.840006064996123
1122,1302,3,19,0.0200729076490214,0.494776510633528
1123,1190,2,15,0.0596623832540883,0.224885859340429
1124,344,1,16,0.0428933106911204,0.758565969020128
1125,175,1,19,0.00402670859493088,0.45861617103219
1126,626,3,21,0.00710014803161072,0.703961167670786
1127,561,1,15,0.00104501537958795,0.714110324345529
1128,2074,4,11,0.0269227254404097,0.312732034549117
1129,2571,1,3,0.0919003309320873,0.790765904448927
1130,462,2,24,0.00800827734451007,0.420110435411334
1131,1494,1,16,0.00869622452420073,0.530854315310717
1132,10032,3,17,0.00437906987542367,0.70218701325357
1133,485,3,4,0.00123232467594497,0.995393117889762
1134,4881,1,12,0.00266180652282061,0.62972123529762
1135,924,3,11,0.00407701919708476,0.726297858729959
1136,5236,5,6,0.00106206134878311,0.295440525375307
1137,319,2,6,0.00258062331020346,0.993808189593256
1138,1680,1,9,0.0120196729328532,0.813275960460305
1139,268,2,19,0.0161556942130608,0.707046395353973
1140,1746,3,2,0.00447387354284732,0.768510300666094
1141,3046,2,8,0.00359981716474041,0.4487618714571
1142,506,5,10,0.0632825322901975,0.768987297452986
1143,744,5,22,0.00263303747579184,0.264581959508359
1144,222,2,10,0.0402172332262968,0.958842302300036
1145,5535,5,15,0.00909022393124055,0.265719571523368
1146,119,4,4,0.0118299280841066,0.372198827378452
1147,865,3,18,0.023881398165017,0.373336613737047
1148,309,2,5,0.0367613132100948,0.786922332830727
1149,510,3,7,0.00195508662319179,0.302457107417285
1150,5712,3,16,0.0085544446629126,0.743718102015555
1151,4684,4,23,0.00131909305312328,0.719609897211194
1152,5328,3,19,0.00167282617843933,0.916281990520656
1153,2035,2,9,0.00189276205950706,0.745323020033538
1154,175,3,19,0.00102357635766112,0.206351616233587
1155,9417,5,3,0.00187480855605891,0.36805149000138
1156,107,1,13,0.0296615511419448,0.629057640582323
1157,5946,2,22,0.00261772933522186,0.916374283097684
1158,1613,2,5,0.0638097086373475,0.437502723187208
1159,302,1,25,0.00841659795919887,0.496042793430388
1160,3178,2,18,0.0455761811679333,0.921242041327059
1161,286,4,23,0.00589495546531038,0.298697535321116
1162,391,4,25,0.00616061379693724,0.911336447484791
1163,8661,5,14,0.00116201449425405,0.431143497116864
1164,4496,3,15,0.0161315086475713,0.287716519087553
1165,1023,2,19,0.0342151165358427,0.511473006941378
1166,695,2,13,0.00220605264568954,0.282145447470248
1167,996,2,12,0.0362189404218877,0.797509296052158
1168,242,5,25,0.0066161493096008,0.553530524857342
1169,775,4,9,0.0517842478262509,0.28556558471173
1170,940,3,20,0.00713341656735236,0.815601239353418
1171,1224,2,6,0.0010334499320814,0.401555267907679
1172,249,5,23,0.00354436395721423,0.873574659414589
1173,167,1,17,0.0034774112870235,0.836385102011263
1174,939,3,17,0.0110059025990068,0.418814968131483
1175,3284,4,14,0.0251110285211668,0.610458205640316
1176,9043,3,24,0.0288190740950904,0.77958949226886
1177,126,2,12,0.0110380648382426,0.497572763264179
1178,5471,1,23,0.00124362703569702,0.810244722850621
1179,8087,3,18,0.0267372429434978,0.214354489184916
1180,463,4,11,0.0303045149530724,0.836397708766162
1181,321,2,2,0.00110056460879839,0.705995196662843
1182,1094,4,21,0.00504025915677916,0.768549199216068
1183,179,4,16,0.0371440146395562,0.255427464284003
1184,4549,5,8,0.0873490989850255,0.665651284717023
1185,781,5,8,0.00481676761994923,0.979819753393531
1186,172,2,6,0.0406918261857617,0.345060892030597
1187,1755,1,24,0.00624819259759035,0.701570103503764
1188,555,2,22,0.00380167809565946,0.487720610015094
1189,402,1,2,0.0974870280471081,0.220358594693244
1190,912,5,8,0.00239424260737656,0.454333111457527
1191,276,3,16,0.00196769509245262,0.551957548782229
1192,8125,2,7,0.00897171784260218,0.821462738886476
1193,679,4,10,0.0133524355224722,0.794900196604431
1194,473,1,16,0.026036112055654,0.622951737046242
1195,2539,5,20,0.00466046735414435,0.215542842261493
1196,7922,1,10,0.023682786450933,0.645667370222509
1197,176,3,11,0.00675103488952054,0.515877688862383
1198,119,3,7,0.00363953785886027,0.943545712716878
1199,329,4,22,0.0471956087712527,0.698013476654887
1200,504,5,18,0.057703742416237,0.865681244246662
1201,154,2,17,0.0155448864596837,0.620197311416268
1202,6950,2,18,0.0133827364363391,0.569051591679454
1203,140,3,12,0.027110865529293,0.958644497394562
1204,113,2,9,0.00233432597066974,0.724840815551579
1205,4253,3,9,0.00117667553108012,0.464685746096075
1206,348,2,20,0.00172062145176484,0.525536653213203
1207,202,3,7,0.00113712445926072,0.792010573484003
1208,1095,1,25,0.00347298891581257,0.512199641019106
1209,3041,4,22,0.0624167689365584,0.453366193175316
1210,595,4,5,0.00120323229199183,0.351208409480751
1211,750,3,2,0.0507752342464651,0.290881517529488
1212,5148,2,4,0.0150116005074684,0.412345915287733
1213,109,5,3,0.00379808656778756,0.465094457566738
1214,807,2,18,0.0063262194693319,0.987779101356864
1215,4041,1,17,0.00917879122370712,0.73422865010798
1216,2702,3,19,0.0359524205066417,0.936503413133323
1217,231,3,23,0.0451467954956006,0.251823640987277
1218,1739,1,22,0.00578286662039774,0.5003533128649
1219,443,5,22,0.0211802338097121,0.848496456071735
1220,269,3,15,0.0113392007832622,0.510206696763635
1221,2564,4,21,0.0202376645592909,0.433259221166372
1222,7619,1,21,0.0492182355969623,0.795299848541617
1223,203,2,6,0.0125845776343352,0.39192465543747
1224,9237,5,22,0.00123136058879373,0.382955205254257
1225,176,1,15,0.0179901657729169,0.999095061421394
1226,192,4,25,0.00655488814260193,0.596115673705935
1227,7556,5,17,0.053367819141824,0.207007731869817
1228,1420,4,5,0.00147696241989153,0.856469373032451
1229,2767,2,6,0.0107181489097579,0.328266559913754
1230,343,5,13,0.00559596865549109,0.553658526204526
1231,689,4,22,0.0951148651291383,0.891781798377633
1232,655,1,18,0.0101077546175068,0.640937615372241
1233,243,5,23,0.0337050010486028,0.843124497681856
1234,125,3,13,0.0737872880743211,0.71398537941277
1235,6638,3,13,0.0077841068020723,0.281439821049571
1236,9157,1,3,0.00806668125221604,0.650307231210172
1237,3129,2,4,0.00128736281372219,0.80431177187711
1238,4003,5,25,0.0659485545706261,0.874731360375881
1239,1185,1,8,0.0138763694604131,0.677054882980883
1240,1540,2,15,0.00294988479469153,0.778091497346759
1241,130,1,21,0.00198548976636611,0.286901424266398
1242,2446,4,14,0.0182922022743837,0.466694134101272
1243,171,5,14,0.0388302607937846,0.237712204270065
1244,5444,3,2,0.0798148740716709,0.242306446097791
1245,302,5,2,0.0429940316266049,0.765123500488698
1246,1612,4,25,0.0581893332578099,0.781493612378836
1247,397,1,15,0.0170867400130972,0.657164492830634
1248,8398,4,23,0.00278013772695459,0.336092634126544
1249,7352,1,10,0.00146395288928697,0.919949159026146
1250,599,2,13,0.0050878166857611,0.280623077601194
1251,309,1,16,0.00171978937571842,0.503967048972845
1252,580,2,6,0.00598908419326075,0.209247198328376
1253,1768,4,25,0.00328627637596747,0.91503188367933
1254,4232,3,10,0.0786855865972029,0.27506038043648
1255,102,4,12,0.00200433679566905,0.775386728532612
1256,177,5,5,0.0208679919205994,0.851877809874714
1257,3617,1,9,0.0969287542641069,0.740745759010315
1258,8393,4,20,0.0019913890294266,0.68718731328845
1259,1446,1,14,0.00235599899933252,0.673779857717455
1260,207,1,15,0.0129727223264631,0.644942164793611
1261,171,3,21,0.064551379193638,0.758699260093272
1262,8063,3,14,0.0012278410182315,0.293531935662031
1263,417,4,2,0.057067402310376,0.477712557278574
1264,2593,3,13,0.00325290512214695,0.807107695750892
1265,3483,3,18,0.0296110687427332,0.525385084748268
1266,3432,1,9,0.0189397024731837,0.35844398830086
1267,349,3,15,0.0147626117518511,0.204220219329
1268,218,4,16,0.0037552877235276,0.716072481870651
1269,176,3,11,0.0892672144736655,0.701620194874704
1270,3783,1,4,0.0889075856422038,0.765622633136809
1271,719,1,4,0.00575227214085573,0.38614776302129
1272,8039,5,3,0.00554937188447421,0.814661961793899
1273,740,5,20,0.00992000837098754,0.806540522538125
1274,2604,2,25,0.00688396750044244,0.369682316854596
1275,832,2,17,0.00220094481084137,0.610975779779255
1276,153,5,20,0.00215714969931341,0.971984931826592
1277,438,3,3,0.00230053276791668,0.502179612405598
1278,2978,3,8,0.0542572631829141,0.809132331050932
1279,2249,3,21,0.0209868520677341,0.686160518974066
1280,8379,5,5,0.00415923446410793,0.602520916424692
1281,206,2,4,0.00702599405614598,0.683429059945047
1282,233,3,7,0.00297560386909803,0.21798382718116
1283,3394,1,6,0.0675931256667195,0.389200717955828
1284,3051,5,10,0.0210279294145786,0.295239753648639
1285,132,3,3,0.0277214749924697,0.443903783895075
1286,249,1,23,0.0296893703163232,0.240915375202894
1287,172,1,14,0.0620139349412374,0.375426070392132
1288,311,2,21,0.0567005464061309,0.205874587595463
1289,160,1,11,0.0291915157981374,0.87673155516386
1290,109,1,6,0.0119160678805725,0.228019977360964
1291,8804,4,14,0.0717997768446087,0.78217312078923
1292,7423,5,13,0.00901412496169262,0.230008885264397
1293,3219,1,21,0.017026385295533,0.543496251478791
1294,464,4,10,0.0099481927105074,0.307914278097451
1295,171,4,5,0.00462166828248283,0.203343305177987
1296,3267,3,21,0.0559318068499841,0.279988955333829
1297,685,4,4,0.013239543145437,0.509005903452635
1298,2615,2,4,0.00310559231314384,0.259281213954091
1299,7507,1,23,0.00832242926539163,0.708244902826846
1300,2356,2,15,0.0170641699719305,0.97535621393472
1301,849,5,12,0.00304080297278669,0.576483644172549
1302,480,1,25,0.0423103044828098,0.774200915917754
1303,336,2,23,0.00616510508881327,0.626075250841677
1304,863,3,6,0.0119162726417703,0.753282605856657
1305,1772,1,24,0.00312361815173008,0.692808781005442
1306,385,5,25,0.00462931574950065,0.812942229956388
1307,929,2,15,0.0113572720833422,0.21440889518708
1308,138,1,19,0.054251116715235,0.832334278523922
1309,371,3,23,0.00234735340198119,0.891049791686237
1310,3959,1,8,0.00755800378960964,0.401416692696512
1311,1545,3,23,0.0415489963233957,0.807619455642998
1312,452,3,2,0.00140419359583561,0.701216508075595
1313,233,4,21,0.0070282541591676,0.559531255438924
1314,4863,5,25,0.00362419944882594,0.875981890596449
1315,657,2,20,0.0101036181615538,0.364551550522447
1316,4552,4,19,0.00172577858941573,0.580504414439201
1317,2325,4,12,0.00186353939112969,0.73709229528904
1318,183,4,22,0.0347839984436506,0.801093083061278
1319,4483,2,23,0.00274040849914427,0.459282042272389
1320,1521,2,6,0.0063136889809656,0.433600430563092
1321,1306,1,23,0.0050488927794649,0.999289276264608
1322,600,1,5,0.0982440330702771,0.448046109266579
1323,4305,5,8,0.0893436294508293,0.658154437877238
1324,268,1,21,0.0336360507431631,0.721021050214768
1325,190,1,20,0.00124740964449654,0.75366887524724
1326,185,1,14,0.00794480374377046,0.702917617000639
1327,4238,2,7,0.0371788100981871,0.73641934003681
1328,254,5,16,0.0629209975755532,0.478434484638274
1329,8283,3,11,0.00110980992619081,0.460943402536213
1330,1392,5,13,0.0797233036206532,0.706150859408081
1331,1480,4,12,0.00110889813396387,0.717321400158107
1332,3457,4,8,0.00285377248119927,0.21314530223608
1333,133,2,10,0.0658344339926952,0.365806918591261
1334,2521,4,2,0.00327026000739399,0.429821172356606
1335,1202,4,19,0.00826069881199027,0.867429159767926
1336,207,4,23,0.0672211123446703,0.593104423582554
1337,7064,3,3,0.0311895447094784,0.874339846894145
1338,625,2,8,0.0551331584506083,0.430883037485182
1339,197,5,8,0.0873473738241919,0.247418607026339
1340,573,3,11,0.00359268014815222,0.61667071711272
1341,2036,5,16,0.00237456375993686,0.983349948748946
1342,7608,1,13,0.00496796592192397,0.423852699249983
1343,4964,4,20,0.0157314378341138,0.611301266588271
1344,1649,3,5,0.00156579246563706,0.893799132108688
1345,169,3,6,0.0221655027982113,0.243591777607799
1346,9432,5,6,0.0239694204763204,0.364114555157721
1347,142,5,2,0.00136327429628842,0.793726335279644
1348,393,1,19,0.054022347120397,0.930811650678516
1349,4111,4,21,0.00119766675978572,0.83710631094873
1350,6544,4,13,0.0121892031031863,0.449183219857514
1351,9980,1,5,0.00137893648613385,0.653318639472127
1352,2225,3,6,0.00521017934506061,0.310996461473405
1353,726,4,4,0.0578833557579326,0.603931884653866
1354,525,1,6,0.0114091228663504,0.708309599757195
1355,3543,2,7,0.00124419243265322,0.970857550576329
1356,128,3,3,0.0102734731592455,0.356188568659127
1357,4472,2,24,0.00318158797334694,0.680009602569044
1358,288,2,10,0.00855904459049935,0.982958249002695
1359,706,4,4,0.0014368878384231,0.751178519427776
1360,1051,2,5,0.0011967201732141,0.692725309543312
1361,199,5,16,0.0020708285847414,0.64931451138109
1362,167,4,7,0.00173404001202326,0.535351842269301
1363,4441,5,9,0.0326204353301827,0.516424010880292
1364,326,3,16,0.0148048137376542,0.421282254345715
1365,3180,2,25,0.00924398228244023,0.801143823936582
1366,710,2,3,0.0799852757862314,0.834551096148789
1367,3998,3,14,0.00164375073533463,0.742640598118305
1368,437,5,24,0.0602579308975487,0.600088413432241
1369,1432,1,20,0.038063631236222,0.611694801785052
1370,3144,3,14,0.00638911313727954,0.622117248363793
1371,236,1,4,0.0280785026305029,0.734895347431302
1372,3079,2,25,0.0119420941687287,0.914806278981269
1373,6354,4,6,0.00926467267074126,0.898866302706301
1374,6674,3,9,0.00669289871920237,0.482002178020775
1375,1377,5,15,0.0121727637594553,0.529867779277265
1376,998,3,11,0.00177972778554948,0.490880414284766
1377,7115,2,18,0.00272131533606949,0.772611155733466
1378,607,2,23,0.0543784935231839,0.454739793203771
1379,333,3,19,0.00888239425279144,0.281657986342907
1380,1794,5,17,0.0240852642651695,0.629094871133566
1381,6712,1,16,0.00153656277449381,0.629099973104894
1382,6949,4,25,0.0261359540788618,0.455247415043414
1383,158,4,6,0.00273160743163538,0.337234863452613
1384,986,4,12,0.0121223673932238,0.204896943643689
1385,773,2,8,0.0482198799029635,0.646098923124373
1386,3281,4,18,0.00238607238693973,0.703071052208543
1387,6999,4,10,0.0128024909230132,0.514177831448615
1388,4374,3,25,0.0449060430243693,0.634272892400622
1389,1138,1,4,0.0334372437320147,0.266779598221183
1390,1025,4,8,0.00468132298697086,0.609357079491019
1391,2075,1,9,0.00393840289806927,0.212769477255642
1392,699,4,25,0.00409140895104665,0.967862264998257
1393,754,2,22,0.00268422942638116,0.221053026430309
1394,1946,1,19,0.00212241830544704,0.667351132258773
1395,323,2,21,0.0171532632223476,0.553927937150002
1396,522,3,14,0.00141732556379799,0.570001547411084
1397,212,2,4,0.00671625032494011,0.574253718741238
1398,182,1,9,0.00264263636412286,0.782160424813628
1399,9751,5,3,0.00364160004309484,0.735055895708501
1400,1229,5,17,0.0109322820522832,0.79934753999114
1401,1378,2,10,0.0226515943019491,0.485386722162366
1402,103,1,6,0.0447706323907157,0.744537586718798
1403,6413,5,4,0.0377973245002782,0.574631673842669
1404,403,3,25,0.020717217574541,0.323788068071008
1405,108,1,6,0.0334208375426798,0.683363887108862
1406,1660,4,11,0.00387593762253108,0.906745184957981
1407,531,5,19,0.00976453512405167,0.930557850003243
1408,599,5,21,0.013262000963726,0.731919991970062
1409,325,1,25,0.0461790246830401,0.8355533240363
1410,267,1,15,0.00770932836606092,0.304389215447009
1411,823,4,13,0.00445800100852105,0.448900769278407
1412,6151,3,15,0.0042765789358611,0.873986901529133
1413,4539,1,8,0.00246225745632074,0.34718970824033
1414,111,1,18,0.00554152754808794,0.500077856145799
1415,119,1,25,0.00960108214140968,0.565307758562267
1416,3352,1,14,0.0449435088880079,0.773258973844349
1417,334,2,2,0.025010919360536,0.829989321529865
1418,4509,1,15,0.00344482798617347,0.731713134422898
1419,218,1,6,0.00400777689715541,0.733110536821187
1420,373,1,3,0.00620985060637742,0.989719263464212
1421,136,4,5,0.00242816953195014,0.775168505497277
1422,237,5,16,0.0659486328484931,0.399966980144382
1423,960,4,21,0.0655302960704751,0.641057579219341
1424,9263,2,9,0.00142668029342006,0.279849071241915
1425,7380,1,2,0.00964160947056737,0.421000106818974
1426,304,5,9,0.0676000846416355,0.948813709616661
1427,633,1,16,0.00265384980642926,0.476057471707463
1428,2238,5,8,0.0537046166097058,0.416707026772201
1429,8956,5,25,0.0325738158083306,0.740847261808813
1430,123,4,21,0.00109682724032642,0.7468800034374
1431,333,4,13,0.0163307491586374,0.910251542180777
1432,5854,5,6,0.00707656095028599,0.530640215799213
1433,133,5,7,0.0954063275667774,0.619309670291841
1434,107,2,9,0.0138187106615997,0.932668532431126
1435,1620,4,8,0.00268208918011998,0.315784109197557
1436,907,4,21,0.0621297587911041,0.536127997934818
1437,381,3,6,0.00337085669970849,0.628285055980086
1438,803,5,8,0.00508311150459189,0.347308415360749
1439,717,1,11,0.0459699535183715,0.687197624146938
1440,1648,3,25,0.0275675695766844,0.843479262292385
1441,106,1,17,0.0321785448757329,0.953368621878326
1442,215,2,14,0.00247686293364817,0.582361684180796
1443,670,2,6,0.0380787946886478,0.904705637507141
1444,822,1,12,0.0447448995156657,0.492362780496478
1445,490,4,21,0.00994793710769907,0.813128196075559
1446,1017,1,2,0.00502101373325634,0.955818163603544
1447,1489,2,6,0.00127237407452381,0.597054433636367
1448,1331,2,16,0.00263370056989069,0.918274435214698
1449,152,4,13,0.00111754241675414,0.488451900333166
1450,8424,5,16,0.00432304579189487,0.829809826985002
1451,300,5,14,0.0127872001125405,0.933081731572747
1452,514,1,12,0.0395413205528281,0.328219861164689
1453,324,2,17,0.0042186797134588,0.502757395803928
1454,174,3,10,0.00193230667853436,0.860769481398165
1455,589,1,2,0.00370279554885963,0.305384123139083
1456,7875,5,10,0.00324593538818064,0.749076421372592
1457,3427,2,22,0.0683445597372433,0.335964986123145
1458,224,2,13,0.0398274652504942,0.412966934032738
1459,301,5,13,0.00690874983507494,0.52479913495481
1460,3561,5,8,0.0060855063484953,0.932077529653907
1461,2432,4,4,0.00652091943697689,0.463220292702317
1462,6518,1,16,0.00114395023182515,0.667518675513566
1463,768,2,6,0.00588232017129877,0.257099269889295
1464,1380,5,13,0.00118948193492137,0.277527392469347
1465,174,1,22,0.0579433097933266,0.431760727800429
1466,2773,3,6,0.00531267886276231,0.475541872531176
1467,5641,2,23,0.0627172441248099,0.970182293467224
1468,3583,3,25,0.00539401712527619,0.636365711316466
1469,5023,3,23,0.0163535331209893,0.458096975646913
1470,8072,2,10,0.00212950121158021,0.620171969570219
1471,3685,4,21,0.0764608319800696,0.997674189507961
1472,1035,5,10,0.0267188758348629,0.511254361644387
1473,117,4,4,0.00187498572276528,0.53787009678781
1474,1018,5,15,0.00290441164572761,0.33930333442986
1475,503,3,22,0.00491415346009177,0.701699902489781
1476,5005,2,13,0.00276467632042702,0.295045912079513
1477,3212,5,19,0.0058878652775894,0.343954101577401
1478,404,4,2,0.0443412601185859,0.742716932669282
1479,8227,1,17,0.0314838214385906,0.85830003451556
1480,333,5,14,0.0065042213254729,0.777185922116041
1481,2220,2,9,0.00316524316876729,0.864393735863269
1482,1975,4,16,0.00106017844459559,0.892740408144891
1483,239,4,7,0.01087093413093,0.90448072552681
1484,182,1,13,0.00921519231441492,0.560947907529771
1485,470,3,8,0.0478945987568786,0.390228376165032
1486,1383,2,19,0.029550684135696,0.970244292728603
1487,111,4,12,0.0208003937980925,0.398271464183927
1488,6096,4,24,0.0567422368327048,0.650651048123837
1489,288,5,14,0.00343219628735464,0.579810806177557
1490,725,3,3,0.00221370368476846,0.96311295107007
1491,972,3,12,0.0110401570890365,0.343429994210601
1492,1090,2,20,0.0285807273646445,0.941026541404426
1493,778,1,17,0.00452184157786557,0.520941053517163
1494,5653,1,20,0.0281886033666097,0.32800283189863
1495,120,1,13,0.00265220606697515,0.497187391482294
1496,984,5,3,0.0635712897435241,0.659685605764389
1497,261,5,6,0.0575018871416958,0.210915740765631
1498,234,1,20,0.00324439897963539,0.458799268119037
1499,1351,3,22,0.00160515583784141,0.278184598870575
1500,1773,1,18,0.00746370299397203,0.992859752476215
1501,4514,5,13,0.0171110626676911,0.952096753008664
1502,137,3,5,0.00139012100878268,0.651548879034817
1503,9526,5,18,0.0112097305722442,0.924812448211014
1504,8647,2,25,0.0168293743883633,0.627689668908715
1505,3392,4,24,0.0269197969921388,0.493593601323664
1506,971,1,2,0.00613201547692198,0.725542576611042
1507,1265,3,12,0.00126538886544439,0.427326521277428
1508,264,3,2,0.0692404490753512,0.313454913906753
1509,171,5,9,0.00387085859921585,0.582558524794877
1510,3536,4,21,0.0137669673906735,0.563596432469785
1511,4660,3,21,0.085041958663752,0.23754256926477
1512,122,4,23,0.0121525256248701,0.932845369167626
1513,7792,4,23,0.00109199470782329,0.720523364841938
1514,229,5,25,0.0424979827810222,0.395638057589531
1515,445,4,20,0.0189410858786113,0.956848135776818
1516,297,3,17,0.00385218585634201,0.487720198370516
1517,755,2,20,0.020162791120091,0.517488692700863
1518,538,3,20,0.0563118466364964,0.474222221970558
1519,1073,2,23,0.0798136112708173,0.715887936204672
1520,4170,1,24,0.00123421215986262,0.350893424451351
1521,8336,4,5,0.0699301195224563,0.766690326854587
1522,539,1,7,0.00947143341588191,0.387103249691427
1523,544,4,3,0.065878028706528,0.411358049698174
1524,138,2,12,0.0654690753367465,0.463225852511823
1525,5987,4,13,0.00456661449145376,0.22647122964263
1526,1281,3,2,0.00328952459359155,0.512216267734766
1527,1186,3,25,0.0352326069843077,0.806186960078776
1528,166,1,17,0.0311622066953883,0.698462749831378
1529,4085,5,21,0.00319308544802428,0.984667396172881
1530,351,3,6,0.00970306302117498,0.512936139851809
1531,2823,1,16,0.00310247644153371,0.812091199494898
1532,2123,2,19,0.0802441772843888,0.400992676243186
1533,4497,2,22,0.0031102263794547,0.25844149235636
1534,322,1,16,0.00254090620577618,0.672863430716097
1535,279,2,20,0.0229350646788764,0.52901057228446
1536,753,3,3,0.00225600002085091,0.616856884583831
1537,672,3,7,0.034454150204446,0.258964695967734
1538,3976,4,22,0.00178362002117765,0.640311532840133
1539,2284,2,20,0.00231052507517352,0.831015097722411
1540,347,4,8,0.0672550277479795,0.446085591241717
1541,253,2,9,0.00982359807082506,0.483353653177619
1542,2536,1,23,0.00349874837439757,0.657415477186441
1543,589,1,2,0.0190812527007411,0.730762685276568
1544,6305,1,3,0.00577289969707087,0.753764884732664
1545,1356,4,17,0.0428122003318175,0.953990080207586
1546,128,5,24,0.00605991960858265,0.668804465420544
1547,1908,3,13,0.00483364508413338,0.828760907053947
1548,723,4,23,0.00381368172502367,0.508809067867696
1549,170,4,16,0.00268532268695441,0.816825280711055
1550,4668,3,24,0.025721364439484,0.918771608173847
1551,916,1,4,0.00106407300360896,0.522582255117595
1552,218,1,7,0.00103235286685448,0.364904678426683
1553,7078,2,13,0.0555528000357035,0.581284924596548
1554,3718,4,8,0.0257306586697534,0.338402785174549
1555,777,1,9,0.0949693154944931,0.234871857240796
1556,7972,4,14,0.0526880097153091,0.864414562471211
1557,2846,2,19,0.0954327385848665,0.502377573214471
1558,3457,1,16,0.00743863599685759,0.215334464795887
1559,9731,1,4,0.00424472334012585,0.900536282919347
1560,3248,1,4,0.00502868132531929,0.797627187147737
1561,919,5,10,0.0235178466619375,0.748832328803837
1562,674,4,22,0.00122032144963423,0.26188146751374
1563,1294,3,5,0.0563446018402071,0.994346135854721
1564,3145,1,8,0.0136840121804815,0.200500290282071
1565,1137,5,17,0.00179779553244469,0.797118621878326
1566,3868,2,11,0.0045680157826912,0.927025282010436
1567,146,3,23,0.0641215281014371,0.684140146523714
1568,2116,4,8,0.00418096992994285,0.722205425985158
1569,1450,5,20,0.00649244945408589,0.287020701542497
1570,363,5,11,0.0539232884479369,0.926051920838654
1571,629,1,17,0.0590331205505924,0.535404894314706
1572,114,2,21,0.00222420342771069,0.414654007554054
1573,165,1,17,0.00294021592862792,0.327185247093439
1574,3679,3,18,0.00376011695143021,0.593710749968886
1575,2875,1,2,0.00798937016372636,0.423392149806023
1576,1729,1,21,0.00594805798048488,0.398486869782209
1577,1035,3,20,0.00548188369228945,0.784173787012696
1578,3631,5,22,0.0101366890308321,0.889290421456099
1579,904,4,19,0.00222250505498554,0.235194253921509
1580,204,1,7,0.00339764723238095,0.435420872829855
1581,8238,1,15,0.00329778342475696,0.767838781885803
1582,7863,4,17,0.0309502868290183,0.202089129760861
1583,273,4,20,0.0011575148869195,0.210660365968943
1584,733,3,24,0.00534910419896687,0.424335328675807
1585,2511,5,2,0.00104122359575504,0.657315625622868
1586,9760,5,24,0.00890497269282577,0.872543921880424
1587,316,4,25,0.00273302700037154,0.238942990265787
1588,5061,1,21,0.00219354100169442,0.739640330709517
1589,280,2,19,0.0757811836212536,0.446543045900762
1590,9423,5,4,0.00243356370924426,0.369743395783007
1591,964,3,10,0.00121621819212223,0.699980056099594
1592,2867,4,25,0.0224177988519246,0.249512311071157
1593,138,4,7,0.0133898014857502,0.815365428477526
1594,2919,5,19,0.00106005137725168,0.35357373803854
1595,361,5,23,0.0600311658356179,0.943177424930036
1596,159,2,15,0.0457274026888998,0.47220881190151
1597,2197,4,6,0.00329760846985127,0.486711186170578
1598,121,5,7,0.0110987781342792,0.298170131258667
1599,166,4,17,0.00190351005180763,0.901886581815779
1600,1271,5,25,0.00709187799662444,0.82981460634619
1601,1147,5,6,0.0151692954492146,0.927830309607089
1602,477,1,2,0.00848905146165176,0.623225126415491
1603,107,1,25,0.0411646409646136,0.309814441204071
1604,3622,1,2,0.00269024831376012,0.337972922623157
1605,1091,3,9,0.00764804792352424,0.295291505940259
1606,117,3,21,0.00311850814647896,0.821044861152768
1607,1361,4,19,0.0324207934324594,0.405883037112653
1608,3433,3,18,0.00763002311797812,0.605125465616584
1609,9451,5,11,0.0447822079346235,0.271548644267023
1610,1351,2,18,0.0053996106175778,0.725553072616458
1611,2568,5,17,0.0520227356495168,0.869310068152845
1612,171,2,24,0.00333180044249851,0.565339327789843
1613,1299,2,2,0.00454884095024936,0.502795243263245
1614,1548,2,10,0.00910153239932249,0.870264614000916
1615,1897,2,17,0.0644292120489709,0.2125159855932
1616,7141,2,22,0.00248738379991159,0.786781078204513
1617,1978,1,13,0.00642871708274138,0.79382511433214
1618,518,4,6,0.0324941698934988,0.744368196465075
1619,425,1,24,0.0020116238049292,0.903322079963982
1620,1864,1,16,0.020998752644309,0.800541578046978
1621,324,2,18,0.0431614386447523,0.658221071586013
1622,220,3,14,0.00396114185611117,0.742351243086159
1623,1123,5,12,0.0082489851010208,0.327684343233705
1624,472,1,25,0.0036448658065433,0.636017422378063
1625,1077,5,3,0.00103998106039514,0.816813404671848
1626,1683,5,7,0.00222164457547863,0.941503450460732
1627,4774,5,9,0.0103241557434611,0.665613202936947
1628,2217,5,10,0.0915232941976154,0.607256244495511
1629,134,4,6,0.00249315201096194,0.616120851412415
1630,900,3,12,0.0186216428803007,0.550551177933812
1631,3241,1,22,0.00126477566753815,0.462302215956152
1632,740,1,14,0.0381059796157468,0.827359318546951
1633,977,1,10,0.0018387318910923,0.697056809440255
1634,151,4,19,0.0167396414918301,0.588476556539536
1635,1142,1,24,0.0275723688379834,0.957136423327029
1636,580,4,23,0.0496109101889892,0.268815467692912
1637,468,5,17,0.00573084217863311,0.316306393407285
1638,112,3,13,0.00242273028043033,0.477333391457796
1639,4298,2,21,0.0173524047585962,0.290491707623005
1640,6188,1,19,0.0102195143558276,0.288166766241193
1641,1806,4,11,0.00434421041714225,0.919657359085977
1642,341,2,6,0.00106006567139705,0.429226830974221
1643,152,2,12,0.0156480797532496,0.86935005094856
1644,274,3,5,0.0142397681068328,0.815046533942223
1645,4430,4,21,0.0847257135067404,0.764187436364591
1646,864,5,5,0.0314418480045114,0.449790684320033
1647,4449,4,2,0.00502289965872593,0.894623641110957
1648,4699,1,17,0.0234577392547162,0.749793321825564
1649,1171,2,25,0.0217210601963076,0.664416042715311
1650,2727,2,23,0.00885657730827896,0.316691584512591
1651,2303,5,25,0.0144735289097435,0.36048345528543
1652,527,1,8,0.044603908735632,0.751043602824211
1653,4863,4,3,0.032480077131463,0.258069766499102
1654,3680,1,11,0.0292105818244134,0.777574251964688
1655,144,2,12,0.0347118633022857,0.898088980652392
1656,157,4,20,0.026850785446448,0.851234792359173
1657,2540,4,20,0.00702355887040435,0.67323474381119
1658,216,5,19,0.00257347293420256,0.866650778055191
1659,102,3,7,0.0650316966352223,0.419204911403358
1660,5131,3,18,0.00628550582943501,0.875483364053071
1661,134,2,23,0.00822532002155224,0.988429515063763
1662,159,5,9,0.0319150428982579,0.549958026409149
1663,490,5,17,0.069168744982827,0.523934886977077
1664,782,5,16,0.0354093803607702,0.381895030289888
1665,761,4,14,0.0100560895124216,0.586653218604624
1666,1171,2,10,0.0267941570953107,0.481118980236352
1667,8280,4,6,0.0443443460084988,0.846865910291672
1668,937,4,4,0.0117507421050274,0.67298202700913
1669,391,1,7,0.00925833964747548,0.969746250100434
1670,221,5,12,0.0101209146769472,0.827743378467858
1671,341,2,24,0.0302088913392324,0.891390221565962
1672,6157,5,12,0.0141957987186157,0.815420323237777
1673,151,5,21,0.0335842957736078,0.291223579458892
1674,994,1,19,0.0128948034194133,0.90477921590209
1675,906,3,17,0.0011943457053811,0.775409657880664
1676,489,1,17,0.00143162077530112,0.226907538250089
1677,1238,3,25,0.00131185882767734,0.322217358276248
1678,132,1,22,0.00146447522342708,0.486673168838024
1679,1245,3,20,0.00114832245064939,0.813634300418198
1680,6044,2,12,0.0302902707587064,0.390394970215857
1681,133,1,5,0.0247476690428782,0.346842595748603
1682,109,1,19,0.0241887134989394,0.906787740625441
1683,5385,5,4,0.00186839402943695,0.832181800343096
1684,8859,3,2,0.0878524113240397,0.34412696249783
1685,987,4,4,0.00481907061591578,0.314862684533
1686,170,3,12,0.00241914871737974,0.377119375020266
1687,791,3,10,0.00762521693555478,0.532934932783246
1688,112,5,6,0.00182655694899131,0.619692324846983
1689,443,2,13,0.0210214667972733,0.908469549193978
1690,116,5,23,0.0904912480631837,0.736737217009068
1691,311,5,15,0.0287061250983827,0.465475041419268
1692,1720,4,3,0.0144296516986082,0.289332808926702
1693,6366,1,13,0.00580138457025361,0.643857637420297
1694,8447,5,7,0.0862436421139353,0.331007974408567
1695,1292,4,22,0.00452329195655998,0.545114661194384
1696,407,3,23,0.00398452395001808,0.5006945181638
1697,642,1,7,0.0364284462876599,0.845158964768052
1698,3336,5,21,0.00652090062182498,0.67775614913553
1699,2767,4,17,0.00415515598015162,0.400212173350155
1700,104,2,7,0.0831782044915021,0.939922388643026
1701,400,3,11,0.0679897533209841,0.392413071542978
1702,1864,3,3,0.0049966166316381,0.388049850426614
1703,215,3,20,0.0201097510801608,0.202300753444433
1704,562,4,25,0.0142650043087884,0.218721006251872
1705,1542,5,24,0.0870943489485903,0.857769947685301
1706,184,5,12,0.0347443739829269,0.653970593586564
1707,1939,1,22,0.0133874212410901,0.88320906162262
1708,2539,4,21,0.00109781043828506,0.261551742628217
1709,8663,5,6,0.0677984595488686,0.258474063873291
1710,7867,4,16,0.00542486681882127,0.256532699614763
1711,6714,5,15,0.0341543858930915,0.590232469514012
1712,650,1,7,0.00324304369416023,0.730120540037751
1713,111,4,15,0.00144605193893333,0.62690635509789
1714,932,2,15,0.00642787733223705,0.416306206211448
1715,418,4,24,0.00412509521605858,0.987052714638412
1716,858,1,10,0.00779755513331354,0.473629160039127
1717,111,5,16,0.0502885861873641,0.434485184215009
1718,4169,2,19,0.0773088222620888,0.739112985506654
1719,362,2,11,0.00157513539382716,0.244295438565314
1720,975,3,8,0.0687690008261945,0.638211443647742
1721,529,1,19,0.0180027863220499,0.208943512476981
1722,6475,1,17,0.00529663637465492,0.492192571237683
1723,596,5,18,0.0619378168322273,0.323760603554547
1724,1903,3,5,0.0705137690267676,0.564444603770971
1725,3871,4,18,0.014231238042028,0.762800473161042
1726,1026,1,16,0.0193950806109354,0.396415530517697
1727,1027,2,22,0.0275876043622481,0.898218940198422
1728,8426,4,20,0.0365239313798362,0.342822425253689
1729,2088,5,10,0.00276876289590217,0.731606716662645
1730,925,1,2,0.0212923599266885,0.553763316385448
1731,156,3,15,0.00147197740288835,0.846185315214097
1732,2241,4,13,0.076731233495842,0.293393950909376
1733,5530,1,9,0.00235887109071776,0.455430073663592
1734,134,3,25,0.00139625116659203,0.555709233880043
1735,921,3,2,0.0104834487435715,0.230711312778294
1736,1402,3,8,0.00665955016189568,0.664418747834861
1737,9082,4,18,0.0327061667876608,0.253355269320309
1738,8501,1,4,0.0146789120727563,0.508800339512527
1739,5548,2,12,0.00195698962370187,0.338282767683268
1740,3799,3,22,0.00345171669172726,0.621440830826759
1741,6253,3,9,0.0356136609502681,0.831481296010316
1742,387,1,5,0.00681017432506764,0.89072387944907
1743,1699,1,19,0.0434863400817645,0.839041807875037
1744,471,1,11,0.0161356097089643,0.858656908757985
1745,156,5,8,0.00409219730644096,0.758816999197006
1746,607,3,16,0.0860900007668776,0.956217469088733
1747,3705,2,19,0.00256312384412172,0.266792444884777
1748,317,5,3,0.00794717120661477,0.82576420865953
1749,5620,1,11,0.034427939251106,0.457278018258512
1750,2992,1,22,0.0108651495202361,0.785058241523802
1751,762,2,4,0.0039876040449476,0.49506077375263
1752,5707,1,12,0.0054995693282779,0.342102918028832
1753,107,5,18,0.00100053971803389,0.428002286702394
1754,1750,2,24,0.024307664285413,0.668203924223781
1755,199,3,19,0.00133126631850178,0.749029358290136
1756,5730,2,20,0.0251271543289824,0.456961046718061
1757,223,3,2,0.020807829284677,0.51749858520925
1758,4778,2,15,0.0173788947902268,0.285858581960201
1759,2673,4,8,0.00391273119764087,0.595679652132094
1760,382,5,8,0.0230028368536625,0.643745820038021
1761,172,4,15,0.0266575382468119,0.210620018653572
1762,306,5,17,0.00203799086867274,0.647477392293513
1763,216,1,9,0.00188508927201153,0.493357169441879
1764,1447,3,13,0.0293405171835797,0.887381564825773
1765,1503,2,24,0.00398453683103893,0.824394566006958
1766,904,5,25,0.00181310377072119,0.908304124698043
1767,205,1,5,0.00103604361570149,0.413656571321189
1768,333,2,7,0.00521272359800545,0.716642904095352
1769,765,2,21,0.00984710761843103,0.333689858578145
1770,371,5,5,0.0736601055998841,0.295978012867272
1771,4989,5,6,0.0633182208650863,0.557160106115043
1772,1914,4,17,0.0268101485466121,0.247353955730796
1773,230,5,11,0.00131222603456068,0.833262331783772
1774,3363,1,24,0.0555426570275578,0.618520755134523
1775,446,2,2,0.0780518049385632,0.892614374123514
1776,3641,5,21,0.00261396712555521,0.674420358985663
1777,492,5,8,0.00801238667503367,0.59057000130415
1778,1940,3,15,0.0235463649455357,0.569305651821196
1779,3009,1,19,0.00217207539601223,0.892288077250123
1780,2821,2,16,0.0640528691936549,0.820940120890737
1781,135,5,4,0.00990910575397779,0.596303040906787
1782,119,1,2,0.00286648597349768,0.933220911212266
1783,1528,2,17,0.0033518504866786,0.592943127825856
1784,297,5,21,0.00314992226461169,0.45588025059551
1785,943,3,21,0.00138984455485316,0.623824592866004
1786,1366,5,17,0.0219760022473039,0.793341427482665
1787,971,3,22,0.0119647442717815,0.847402351163328
1788,591,4,8,0.00443840247870553,0.880232580937445
1789,3093,4,5,0.0124840140815962,0.528723734989762
1790,1742,5,3,0.0181300248635551,0.56226310338825
1791,5791,4,8,0.0208312278943044,0.231879534944892
1792,6801,4,18,0.00217302976600566,0.562109404802322
1793,141,1,3,0.0011084921320423,0.809973018988967
1794,1330,4,9,0.0552630995054798,0.584488968551159
1795,2366,5,17,0.0130490971860321,0.211513418704271
1796,348,2,13,0.092761443886251,0.824097595736385
1797,5843,4,17,0.0199714453089042,0.692763956449926
1798,9850,4,8,0.021119288842142,0.269396386481822
1799,1144,3,3,0.0495774934592907,0.807891995273531
1800,155,1,22,0.0262751790119152,0.851032793149352
1801,9823,3,2,0.00686991473754781,0.410827346332371
1802,3323,2,12,0.00111379072349215,0.32849612403661
1803,2616,3,15,0.00720203120718091,0.870609141327441
1804,1329,1,10,0.00636364058474915,0.612841748073697
1805,4288,5,7,0.00183222781579335,0.734179856255651
1806,1626,4,6,0.00711730577135118,0.754305809736252
1807,2254,5,25,0.00232478177009639,0.358097615651786
1808,1017,4,6,0.0316373392295407,0.731095205247402
1809,1256,2,17,0.00134251243771436,0.59890631698072
1810,120,5,24,0.067864292555404,0.64223118070513
1811,410,4,13,0.0601606436673648,0.27852599285543
1812,277,5,8,0.0888415083783684,0.481740491464734
1813,2146,2,21,0.0331950153172177,0.393128949962556
1814,141,3,14,0.00240451310855688,0.405772895738483
1815,1251,1,9,0.0635042662854804,0.516982994787395
1816,1620,5,9,0.044094475599911,0.892038818076253
1817,4744,5,7,0.0180250955611776,0.384911921806633
1818,946,2,19,0.0137901347385178,0.282897316850722
1819,2727,4,20,0.0113047605681334,0.844434385560453
1820,2734,4,13,0.00274293608459955,0.415101439133287
1821,2376,2,20,0.0306434953157222,0.317706396244466
1822,3163,2,11,0.0385243167308352,0.717181798815727
1823,2998,4,15,0.00936853308353386,0.330592434853315
1824,509,2,19,0.00322321898290708,0.202571670152247
1825,1316,1,9,0.035087011571034,0.399508908577263
1826,7581,4,7,0.014407519666453,0.338323794677854
1827,433,4,20,0.00125444172424567,0.529050424322486
1828,718,3,13,0.033270405451628,0.72945823147893
1829,344,3,12,0.0653719233067113,0.508891876600683
1830,6623,1,23,0.0448814237800423,0.779994120076299
1831,6552,2,12,0.00756925848068696,0.532547749020159
1832,5808,1,6,0.00308315479627658,0.938410046324134
1833,5255,2,4,0.00234385578849304,0.651266471669078
1834,7144,5,23,0.00168021092420093,0.463456844165921
1835,1170,3,23,0.00140573092645676,0.482295383885503
1836,1901,2,15,0.0547264092887423,0.598585060052574
1837,4013,1,23,0.0185875590818299,0.769845856539905
1838,1568,5,8,0.00873681802061483,0.545547099784017
1839,1568,5,9,0.00297098642995777,0.79386541955173
1840,147,5,7,0.0313295687364355,0.524490636028349
1841,3339,4,24,0.048042868185491,0.9593625145033
1842,6785,3,25,0.0168536236683124,0.845536022074521
1843,4947,1,4,0.00419678419257065,0.839485543780029
1844,6293,4,21,0.00172092412752698,0.380572884343565
1845,3983,2,4,0.0639600940872413,0.535110489837825
1846,139,4,3,0.0764218828333828,0.687072284147143
1847,130,1,18,0.00395090843261729,0.674495793692768
1848,534,3,16,0.0432308439001579,0.829379418678582
1849,5671,5,7,0.012942960161749,0.706436580978334
1850,1727,4,11,0.0433581145146954,0.483716937340796
1851,984,5,4,0.00334604870340586,0.4356389939785
1852,3255,3,14,0.00336945735001135,0.959075520001352
1853,3104,2,12,0.00256476875375594,0.97114209253341
1854,143,2,6,0.0500961347539174,0.679182706773281
1855,325,1,25,0.0358583168710632,0.517638821527362
1856,583,4,25,0.00100737404216766,0.233345435746014
1857,1554,3,8,0.00276872972641272,0.400152866542339
1858,150,1,12,0.00271290624533382,0.669910296238959
1859,1603,4,10,0.00458442596996177,0.702670226804912
1860,2647,3,15,0.0471897267422637,0.250680258311331
1861,1381,3,12,0.0877899702012839,0.270002997294068
1862,9208,1,3,0.001827490965304,0.699246327765286
1863,384,1,15,0.00141702612653976,0.255985053442419
1864,6930,2,9,0.0582148907811258,0.299199852906168
1865,1590,1,2,0.0482025445702755,0.909044293873012
1866,873,2,8,0.00364520333873137,0.878591002523899
1867,345,3,10,0.0135809401837112,0.764893336966634
1868,4466,4,8,0.00194288242613504,0.402787942998111
1869,6130,4,25,0.0219153544264555,0.970194084197283
1870,1562,3,11,0.00437553120680198,0.378181222267449
1871,5635,4,5,0.0138531735725377,0.660965093784034
1872,3303,3,15,0.0245030324103003,0.512541338242591
1873,241,1,18,0.00104777220581185,0.892108832113445
1874,2257,5,10,0.0460895637621867,0.239949123561382
1875,7264,2,4,0.0104236300419814,0.674726908840239
1876,2494,5,20,0.00237733728813883,0.668610925786197
1877,988,2,4,0.00192445979273516,0.582570030167699
1878,131,2,22,0.0430401447230494,0.305421108007431
1879,524,1,20,0.00695779209190067,0.862519691325724
1880,327,4,10,0.00183491752424138,0.947897116281092
1881,1397,4,18,0.0015037192164176,0.481337691098452
1882,432,4,18,0.00455454767151015,0.719356061890721
1883,1286,3,8,0.00264867924975684,0.203855258785188
1884,408,3,13,0.0245778751603773,0.324706997908652
1885,548,4,19,0.00120864194825755,0.640106968954206
1886,434,2,10,0.00358192756020691,0.810506491735578
1887,353,5,21,0.00368799784022752,0.424730458296835
1888,1021,5,8,0.029676285961777,0.773616529069841
1889,7790,2,25,0.00129596960489936,0.809926187992096
1890,9773,4,22,0.0253574220384275,0.984903372824192
1891,2947,3,14,0.0570030091355607,0.762610308453441
1892,615,1,5,0.0154290150744675,0.725628493539989
1893,368,1,3,0.00833839532517467,0.29039504211396
1894,863,4,10,0.00343927680497914,0.827263989672065
1895,5023,2,6,0.00524206061317052,0.541323605924845
1896,1576,2,11,0.00736882162990743,0.572492714785039
1897,497,5,17,0.00649685998767971,0.928085437789559
1898,2046,2,4,0.0160863053341293,0.506066748872399
1899,125,4,23,0.0122581893218836,0.906512497551739
1900,9129,2,7,0.00125512672124326,0.868373517878354
1901,472,2,20,0.00895827597736412,0.452180555835366
1902,387,1,11,0.00230108413384589,0.327724821120501
1903,4108,2,24,0.0294631496354502,0.405621589533985
1904,190,5,22,0.0628351921147606,0.55478868111968
1905,2674,3,8,0.0234384482620129,0.252654142677784
1906,329,4,5,0.0315067821617318,0.399830515868962
1907,9600,5,16,0.00115848557592528,0.31232374291867
1908,421,2,9,0.0316127382449881,0.492628690972924
1909,113,4,5,0.00142360453436529,0.855153166130185
1910,3447,5,13,0.00125068841669858,0.698397345840931
1911,485,2,10,0.00481576657064227,0.680860101617873
1912,1030,1,13,0.00149389159172285,0.799720794148743
1913,111,1,6,0.00393080662742874,0.996844757534564
1914,249,5,25,0.0499306032763689,0.308512176759541
1915,1052,4,18,0.00171820569198393,0.484309331141412
1916,8557,2,16,0.0718557470886409,0.238792005181313
1917,311,2,14,0.0564378626349504,0.248098969645798
1918,579,4,22,0.0948771873371728,0.383712272532284
1919,4467,4,22,0.00102902405453189,0.855773740634322
1920,8000,4,8,0.00126353113758494,0.584138762950897
1921,395,1,7,0.0721262549697942,0.858463920466602
1922,252,5,5,0.00139450874979097,0.582903157360852
1923,1218,1,14,0.0128806010984619,0.657754714228213
1924,260,5,25,0.0806513168954715,0.67495656684041
1925,269,1,22,0.00259323923382717,0.762760954909027
1926,177,5,8,0.00646674960650175,0.458775686845183
1927,4935,3,16,0.00136282125521605,0.352277184464037
1928,5691,3,2,0.0418540324291643,0.257628692872822
1929,364,2,9,0.0520774611732168,0.794143839552998
1930,389,5,10,0.0171230567183541,0.565259170345962
1931,525,3,17,0.0229451787297577,0.885145031474531
1932,1135,3,6,0.0078076217260378,0.314566386863589
1933,505,2,9,0.00358882324875793,0.900639327056706
1934,3979,1,21,0.0168594242778195,0.759629696980119
1935,6229,2,22,0.00373923884779805,0.934295609220863
1936,2322,4,14,0.00602652721440978,0.423629108630121
1937,1394,3,11,0.0120151159652949,0.431412992998958
1938,2054,4,7,0.00536409253406626,0.587771795131266
1939,981,5,25,0.0399501390059298,0.749345533549786
1940,1028,2,20,0.00102525088374886,0.320339250192046
1941,1387,2,12,0.019616079762612,0.44161772467196
1942,2238,3,22,0.0160868933682793,0.284014375880361
1943,440,4,22,0.00135556380691691,0.637917664647102
1944,139,5,4,0.0428206485205008,0.291235661692917
1945,2084,4,22,0.0483411053856787,0.605772305652499
1946,882,5,4,0.00255728751619901,0.219319678097963
1947,207,3,13,0.0373860800088868,0.956367596238852
1948,644,3,17,0.0292651762508175,0.706391438655555
1949,413,4,12,0.00294435664626665,0.773769063875079
1950,845,5,19,0.014634375891324,0.305003355443478
1951,694,5,16,0.0490068126411549,0.838646015711129
1952,2377,1,10,0.0354919075747702,0.711947978846729
1953,1062,1,20,0.00197760687394404,0.220169617421925
1954,3436,1,17,0.00623111725849063,0.248753974959254
1955,560,1,11,0.00475005096468753,0.984848788008094
1956,1142,4,17,0.00169177343827119,0.917156020365655
1957,3133,3,9,0.0160515228379904,0.934537547826767
1958,5227,3,25,0.0119480786467827,0.856331262737513
1959,415,4,10,0.0316136170099647,0.232281882502139
1960,168,2,16,0.00256924442395295,0.754334778152406
1961,7318,5,8,0.0653699723563127,0.853153754398227
1962,2383,1,14,0.00300070284321153,0.823745546676218
1963,745,3,18,0.0311228017818079,0.701094208471477
1964,310,1,12,0.01682778691153,0.946831044740975
1965,2215,4,22,0.0343020277892603,0.328552988171577
1966,696,3,17,0.0113718595882457,0.620105110667646
1967,571,2,14,0.0344725080624002,0.490504117682576
1968,2565,5,20,0.00408080629446924,0.751642827689648
1969,1449,4,14,0.0961249794567394,0.820032940991223
1970,556,2,13,0.00690138796290829,0.463101600296795
1971,4115,4,3,0.041104980170022,0.93958228584379
1972,1318,1,20,0.00323405673290415,0.656544613651931
1973,109,1,19,0.0040031088085777,0.351301891542971
1974,613,5,15,0.0154026501708401,0.527705247141421
1975,232,3,8,0.00903066079107635,0.397082742489874
1976,285,2,18,0.0633522953363122,0.751162874139846
1977,9393,2,7,0.0385083942555148,0.503217446058989
1978,6561,5,25,0.0679582625853334,0.621965950727463
1979,1766,4,23,0.0149791494772103,0.216787153109908
1980,2253,2,7,0.0557073508585655,0.817357961088419
1981,2433,4,2,0.00230931789245019,0.218729790858924
1982,325,5,21,0.006654412209726,0.79130470212549
1983,1067,5,24,0.00804411194689157,0.933977717161179
1984,4469,3,13,0.00646768985080034,0.706677916646004
1985,2363,1,7,0.0017889686247191,0.476902342773974
1986,273,1,11,0.0207520368289085,0.489490541629493
1987,212,4,15,0.00398724319570984,0.963869044370949
1988,336,2,2,0.0477896018786455,0.380831080302596
1989,178,1,9,0.0242858989740375,0.207277163304389
1990,5131,1,15,0.00501907179916893,0.45794590767473
1991,1215,5,22,0.0197156610552739,0.881834965758026
1992,9968,2,23,0.0955554307753249,0.253965562395752
1993,1061,3,22,0.00825168736301954,0.769253539480269
1994,3334,4,21,0.0238537031785513,0.20729712639004
1995,486,4,20,0.00200080600949971,0.32028089556843
1996,4397,4,4,0.00191280355653134,0.650205925293267
1997,2551,2,2,0.073928948607306,0.534367760270834
1998,7831,3,25,0.00557408995616622,0.428172108717263
1999,113,5,22,0.00184916882572656,0.718859432637692
2000,5621,4,18,0.00118467845070838,0.593878412805498
2001,593,5,16,0.00493464289417076,0.519691392406821
