"param_index","alpha","lambda"
1001,0.914806043496355,125.006945967648
1002,0.937075413297862,0.00233061535333966
1003,0.286139534786344,84.2673441752426
1004,0.830447626067325,1.72572894474255
1005,0.641745518893003,0.98650753728295
1006,0.519095949130133,0.00132899041636112
1007,0.736588314641267,2.1167673172595
1008,0.13466659723781,21.0821786422855
1009,0.656992290401831,0.0256358152109078
1010,0.705064784036949,75.4575641366446
1011,0.45774177624844,0.336686537582865
1012,0.719112251652405,2.45923741010189
1013,0.934672247152776,0.00799778210809851
1014,0.255428824340925,0.0145367514081656
1015,0.462292822543532,0.00985902523060727
1016,0.940014522755519,104.126353834549
1017,0.978226428385824,0.00455468811920223
1018,0.117487361654639,0.0401460576648704
1019,0.474997081561014,62.6663650145864
1020,0.560332746244967,0.0615792524473465
1021,0.904031387297437,163.299328692785
1022,0.138710167724639,0.00168675358331161
1023,0.988891728920862,0.108552902057231
1024,0.946668232558295,0.0713927759523526
1025,0.0824375580996275,0.0058760961061876
1026,0.514211784349754,0.173943382483681
1027,0.390203467104584,0.615278966069991
1028,0.905738130910322,0.00186341377378895
1029,0.446969628101215,861.271322456555
1030,0.836004259996116,287.824702820699
1031,0.737595617771149,769.513557063523
1032,0.811055141268298,0.0103763601891426
1033,0.388108282815665,0.00176598338033302
1034,0.685169729404151,0.00707353588988142
1035,0.00394833879545331,0.144748151633447
1036,0.832916080253199,1.85113613000713
1037,0.00733414688147604,429.922370434389
1038,0.207658972823992,6.54765050892438
1039,0.906601407798007,0.809403297506696
1040,0.611778643447906,0.00321252756828445
1041,0.379559240536764,477.138318216472
1042,0.435771584976465,0.119433166793038
1043,0.0374310328625143,0.163450360720097
1044,0.973539913771674,5.59049046779099
1045,0.431751248892397,23.3948083961691
1046,0.957576596643776,0.0151825947142411
1047,0.887754905503243,3.4207294443714
1048,0.639978769468144,115.996972317806
1049,0.970966610359028,1015.22279035023
1050,0.618838207330555,0.00114436658094149
1051,0.333427211269736,86.0221926740357
1052,0.346748248208314,0.0168919129707815
1053,0.39848541142419,0.00473013483363689
1054,0.784692775690928,13.5640233880325
1055,0.038936491124332,0.042962637928021
1056,0.748795386170968,88.2422445492117
1057,0.67727683018893,7.40206622630567
1058,0.171264330390841,1.47227341494091
1059,0.261087963823229,0.00145276731197885
1060,0.514412934659049,0.0523161717433422
1061,0.67560727451928,0.00159931581452879
1062,0.982817197917029,248.544276814572
1063,0.759544267551973,0.00600083397084012
1064,0.566488424083218,0.00199261924267014
1065,0.849689718568698,0.151661884150602
1066,0.18947393540293,15.0283598369955
1067,0.271286614704877,230.110439596512
1068,0.828158485237509,0.0288661777919046
1069,0.693204820388928,0.223652057993328
1070,0.240544739644974,5.28937823749128
1071,0.0429887960199267,2.44517809013522
1072,0.140479094116017,0.00173365365247779
1073,0.21638541505672,0.699729740493467
1074,0.479398564202711,506.389847184551
1075,0.197410342283547,0.0273299551036813
1076,0.719355837674811,11.8173450583153
1077,0.00788473873399198,308.396735330069
1078,0.375489964615554,0.00183708045043038
1079,0.514407708309591,0.00647251727044353
1080,0.00157055421732366,0.00392547964930696
1081,0.581604002509266,0.285802868143023
1082,0.157905208179727,675.099763913777
1083,0.359028305858374,0.151742069431516
1084,0.645631878403947,22.5965132647144
1085,0.775823362637311,16.6059798757692
1086,0.563646841561422,0.00137752288543024
1087,0.233703398611397,484.37171394856
1088,0.0899805163498968,1.59088569370563
1089,0.0856120649259537,15.2019376852901
1090,0.305218369467184,0.00182884694087611
1091,0.667426514672115,322.114228732855
1092,0.000238896580412984,0.00153972073161467
1093,0.208569956943393,46.7192373406577
1094,0.933034127345309,1.43677635744607
1095,0.925644748611376,0.0390762998020653
1096,0.734094301005825,1.07082415302627
1097,0.333071983419359,1.56906500261556
1098,0.515063329832628,0.00325619932571421
1099,0.743974646320567,317.81173702393
1100,0.619159240042791,2.42866793785752
1101,0.62624534452334,0.00221974631826691
1102,0.217157698236406,10.9625679890948
1103,0.216567310970277,5.84196435332867
1104,0.388945028651506,0.00268122572985273
1105,0.942455691983923,0.421645097000419
1106,0.962608013767749,7.11475915101856
1107,0.73985527921468,73.4856038711513
1108,0.73324590572156,0.22299131716446
1109,0.535761289997026,44.2760962063422
1110,0.00227296608500183,177.036436024483
1111,0.608937452547252,5.15603597482212
1112,0.836801559431478,0.139147190059805
1113,0.751522562699392,400.354336524099
1114,0.452731572557241,29.7452195429177
1115,0.535789993824437,0.00235731428559469
1116,0.53737669531256,0.00437673319202232
1117,0.00138084357604384,83.0298295494844
1118,0.355665953829885,58.1432076931244
1119,0.612133090151474,0.00215535425282739
1120,0.828942130552605,284.525146283996
1121,0.356721999356523,21.5971984002511
1122,0.410635125823319,265.789424755914
1123,0.573475898941979,1.64067024524404
1124,0.589678303571418,0.122494316112604
1125,0.719657292356715,101.537409838298
1126,0.394973045215011,55.9699216353247
1127,0.919203929137439,1.54561522119375
1128,0.962570293573663,47.6491790037119
1129,0.233523525530472,0.00219308726038663
1130,0.724497599992901,0.559499414429772
1131,0.903634525137022,0.00133090269036327
1132,0.603474084753543,27.8148270902945
1133,0.631507298909128,17.324498805371
1134,0.937385849654675,0.00105695773231439
1135,0.850482750684023,0.666679098874989
1136,0.579820899059996,3.79329417967184
1137,0.821403923910111,0.0500624202568265
1138,0.113718609092757,0.00209968090768242
1139,0.764507758663967,0.183962779617139
1140,0.623613457195461,1.52042812525614
1141,0.148446606704965,0.031676601865429
1142,0.0802644665818661,471.7013274178
1143,0.464069551322609,0.420379848505238
1144,0.779368161456659,16.2383838960857
1145,0.73352795955725,0.0111791773602566
1146,0.817230444401503,0.0279597729263624
1147,0.170162481255829,0.00135608531254091
1148,0.94472032552585,0.0931320131057651
1149,0.293623841367662,0.299749345994099
1150,0.149072052445263,0.00441029573120312
1151,0.719378591282293,131.693944897618
1152,0.324085952481255,0.00110725158062712
1153,0.778809498529881,673.376972447261
1154,0.394441001815721,68.2583598933711
1155,0.67859286791645,1.01451793857571
1156,0.775825042743236,411.167602101496
1157,0.187869044020772,0.640399663395949
1158,0.0290858189109713,1.16435897704249
1159,0.135713797062635,100.04019293279
1160,0.680164178134874,0.00905538661472941
1161,0.9348229537718,1.34464981110172
1162,0.550494084367529,0.398136467252485
1163,0.601766235427931,0.0971502614968964
1164,0.19699448812753,0.486487627067556
1165,0.535236610565335,0.00172803386390248
1166,0.179555739276111,0.0285034629224551
1167,0.451886494411156,0.00408172051921799
1168,0.317053351784125,0.149956811052895
1169,0.116174670401961,8.90638916004663
1170,0.186102156760171,0.353747815296512
1171,0.729730096645653,0.00265670159568033
1172,0.41187207121402,13.3875849920265
1173,0.414049681741744,133.040396315953
1174,0.480310129001737,162.506211909819
1175,0.427494465606287,0.00335757929934049
1176,0.136490360135213,0.00117003083379182
1177,0.824679406359792,0.34510837790581
1178,0.592304242542014,706.805282730906
1179,0.794396977638826,0.987164044545798
1180,0.769032425712794,950.835586406286
1181,0.918056417256594,0.931505657119615
1182,0.862629777053371,0.00537586277242423
1183,0.316975237801671,2.30971561665689
1184,0.259260575985536,0.0269391947406806
1185,0.74226645193994,22.706139813728
1186,0.74736111680977,52.7298469201978
1187,0.917904034024104,0.498490429609727
1188,0.793191209202632,0.651392215160706
1189,0.133329618256539,0.256530181304298
1190,0.287749752169475,264.570838058013
1191,0.194676143815741,2.41792282066587
1192,0.784109382657334,14.1225972386015
1193,0.128872161731124,0.0977665489896689
1194,0.129089283524081,0.00363780045845923
1195,0.0722531112842262,432.95596392001
1196,0.0531294834800065,10.7062495157075
1197,0.531874436419457,0.00120219099307133
1198,0.112308241659775,0.00468503443794312
1199,0.74318771972321,124.139389932826
1200,0.731315477285534,0.478433009600425
1201,0.885117687052116,0.256602616482449
1202,0.517111055552959,0.390740862855693
1203,0.851930984994397,9.66043582679664
1204,0.442796268267557,0.0122369387458459
1205,0.157880100421607,108.893588252368
1206,0.442324638832361,325.713453458198
1207,0.967733667232096,62.5102672298613
1208,0.484587929444388,1.04327944149646
1209,0.252458439441398,0.0332428974037036
1210,0.259689980186522,10.1605649425802
1211,0.542015940882266,452.566973362771
1212,0.649875837611035,784.277600176129
1213,0.336419132305309,0.0020163271871428
1214,0.0609497462864965,0.195886574344478
1215,0.451310850214213,69.7224681268077
1216,0.838755033444613,1.94228374840595
1217,0.574637334328145,0.0664904260235581
1218,0.353350377408788,0.258116903898252
1219,0.547426078235731,0.00143167101475451
1220,0.892718593822792,126.226739072096
1221,0.489990570582449,0.00150155605950185
1222,0.171632113168016,8.25825307775794
1223,0.543030994012952,3.82861368301694
1224,0.961467695888132,0.0744399430535044
1225,0.313683822052553,854.064966916267
1226,0.820514548104256,95.5735022266737
1227,0.307054400444031,4.4517068791402
1228,0.185453581158072,0.00662553521456316
1229,0.0483467767480761,171.081890542899
1230,0.24567414727062,2.91148434106846
1231,0.351106922142208,63.2700755709143
1232,0.159022381762043,0.00144363738190226
1233,0.304097996791825,0.034129304083383
1234,0.0175483247730881,35.147210052868
1235,0.996552679222077,96.9363663005906
1236,0.804393312660977,1.38919100602088
1237,0.086580601753667,6.76810431703817
1238,0.869933269685134,0.845638000578939
1239,0.554585863370448,3.10969257064115
1240,0.421378421830013,0.00392633899524453
1241,0.0676368190906942,113.951758014572
1242,0.56143795652315,0.25879425486374
1243,0.0707218942698091,43.7767296307684
1244,0.211391938850284,522.452840818597
1245,0.54962041345425,0.0387242105025149
1246,0.481981448363513,96.0657305801968
1247,0.159469854552299,8.41650851724254
1248,0.149578995071352,62.6960056970773
1249,0.499272880377248,0.0128956570630402
1250,0.940564878052101,34.1579975479883
1251,0.334231326589361,26.3258346917736
1252,0.188434329582378,32.8020704041276
1253,0.269716178299859,0.0982287866954498
1254,0.530744078103453,0.00216858917423901
1255,0.021450228523463,11.222397002247
1256,0.7987603074871,0.0017377104946616
1257,0.11033510020934,7.31704249888597
1258,0.53979828581214,0.0621582690272062
1259,0.571233897469938,0.228239691970883
1260,0.618951546959579,354.6089760235
1261,0.714853693498299,11.9949552890988
1262,0.123300578678027,20.4060658681261
1263,0.311049618758261,20.2904987169618
1264,0.945739162620157,0.0230904672707293
1265,0.500025092391297,0.28233478682591
1266,0.135230499086902,2.68008593104332
1267,0.869257820537314,192.538477621348
1268,0.205049612093717,3.7155107338006
1269,0.92504589096643,329.218800522957
1270,0.886753598228097,0.127420960866786
1271,0.136295825242996,0.0330265058015821
1272,0.785349442157894,19.4571828315524
1273,0.453303414164111,0.0201847533622394
1274,0.135742419399321,0.456065539951316
1275,0.885221036849543,15.18161787334
1276,0.336713540134951,11.0815120444326
1277,0.319274115143344,0.0119303773826175
1278,0.403782814741135,24.8453425825173
1279,0.479077307041734,0.0903244046250932
1280,0.367901820223778,0.1292729046873
1281,0.465690567623824,54.9429955923778
1282,0.0498921528924257,0.152908592749894
1283,0.187356711598113,0.0494878677656261
1284,0.982659413712099,0.0362064838861481
1285,0.328274069586769,0.00141831679774245
1286,0.170996390515938,8.72922712464874
1287,0.488254894502461,30.6029338144105
1288,0.0186874116770923,6.15991377223919
1289,0.339485083706677,0.00207936968404966
1290,0.0296633755788207,1.45972569650179
1291,0.867228663060814,0.00329718258912983
1292,0.731707599712536,0.0413993114107581
1293,0.315260796807706,0.000993942878828322
1294,0.386454011779279,17.5121821538513
1295,0.332445990527049,61.4613327687437
1296,0.0897779711522162,0.00628381976948716
1297,0.757055602502078,3.95207296552857
1298,0.6029684972018,0.142030608423031
1299,0.145399972563609,11.8047140646537
1300,0.0325174834579229,0.155890121771946
1301,0.483768141595647,64.7914401737785
1302,0.444569527870044,855.489008152255
1303,0.060385589953512,0.792901780312741
1304,0.327506022062153,0.0029075700897553
1305,0.878429047297686,0.00629796359124956
1306,0.930604886263609,236.666542222225
1307,0.392178456997499,19.3053882563383
1308,0.158846774837002,178.941577835615
1309,0.319947601063177,269.753415400816
1310,0.30696562025696,0.730015587367509
1311,0.107811254449189,0.0024646042310873
1312,0.979334303410724,21.0767559676632
1313,0.496903428109363,0.0423521945177226
1314,0.0930746719241142,0.0903461521730661
1315,0.211773658171296,0.203202849558149
1316,0.930500746238977,0.0956687757324634
1317,0.296846406767145,0.00383012260754393
1318,0.653218248859048,3.08137768463491
1319,0.901070477906615,34.8682407168841
1320,0.990795793244615,1.26582942415487
1321,0.430333221331239,0.0439046001145215
1322,0.393776922253892,0.464051072978753
1323,0.141908895457163,240.872447591471
1324,0.279806696344167,343.853808340037
1325,0.56482222257182,1.34418195050712
1326,0.935139505425468,39.8707755029104
1327,0.358400145079941,40.3481449209588
1328,0.842007180908695,108.729075172747
1329,0.722409214358777,450.378392419441
1330,0.750735989306122,0.342864158607852
1331,0.92398845218122,4.27142597450017
1332,0.00237810681574047,0.0206739297785795
1333,0.160429914947599,145.409146326601
1334,0.399272951297462,375.808906225198
1335,0.675319577334449,3.1794342117083
1336,0.480372016318142,9.04360971583295
1337,0.533828780753538,0.00241488369640099
1338,0.316950157284737,0.0289749760057233
1339,0.814757590182126,1.13188638046792
1340,0.292219521244988,1.23017483984274
1341,0.409132091328502,38.6733244393836
1342,0.0909183076582849,0.0400245858668278
1343,0.798596638021991,13.4993515837384
1344,0.359785249689594,2.22608837412231
1345,0.0404875767417252,0.384094207024727
1346,0.0410863398574293,148.910418146994
1347,0.954434238374233,0.00459213887701084
1348,0.373341244878247,0.0783512906217344
1349,0.806419667555019,28.2423070028514
1350,0.91005900898017,1.90823622680815
1351,0.440076212864369,0.0117946598809021
1352,0.57633650302887,12.4025458171793
1353,0.0736677951645106,0.00420505978393041
1354,0.164627394406125,0.0533509514615597
1355,0.73989077587612,22.3326441986842
1356,0.475711012724787,0.00183223867699304
1357,0.68552095326595,0.00441449477574964
1358,0.951514942804351,0.319206107104453
1359,0.497464487561956,3.81191014725279
1360,0.470500626601279,0.0150312893372574
1361,0.56019195006229,1.01544967904836
1362,0.652510120533407,90.1613178053683
1363,0.279573498759419,0.00349883037794941
1364,0.979907589498907,0.663505623043603
1365,0.643864108016714,196.555135163385
1366,0.58257843577303,0.410249623313209
1367,0.615871025947854,0.0452203706510085
1368,0.925140294479206,0.00215617777724799
1369,0.390022895298898,207.723755821692
1370,0.28791968501173,0.00758680821699733
1371,0.0907359647098929,0.0795292662158662
1372,0.322033904027194,12.2297218154598
1373,0.758270112564787,0.0491224679394968
1374,0.104412929620594,0.352291666368747
1375,0.710277852602303,0.841417039252776
1376,0.966477383626625,0.0277438618414376
1377,0.201491226209328,0.143886851633247
1378,0.108488654484972,0.00254714046833836
1379,0.0554021787829697,0.144977871679366
1380,0.829723515082151,808.768569326285
1381,0.58119775657542,0.0136142252096006
1382,0.470092375297099,173.38648946504
1383,0.365014120005071,0.00465079041107493
1384,0.280124627286568,0.0143956527020664
1385,0.599715854972601,24.304164383289
1386,0.818569612922147,0.0413765744959912
1387,0.0978322804439813,0.0179640456872259
1388,0.96368952607736,3.13982698208671
1389,0.168736443389207,0.00314396788126029
1390,0.0860834058839828,0.677417420492847
1391,0.86121069570072,0.0677140980081298
1392,0.524790602037683,225.042195599986
1393,0.656810875283554,0.018347025261378
1394,0.229519372805953,1.33840315617696
1395,0.72122603142634,0.00118839345110366
1396,0.490750394994393,1.4502804090687
1397,0.965255592484027,0.204616438817771
1398,0.906942480476573,0.000997550137231592
1399,0.551250527845696,2.50996894344283
1400,0.075599099509418,0.485155264907126
1401,0.0227000112645328,4.98540612629177
1402,0.513239527819678,0.00195890716190282
1403,0.630726151634008,8.31026272501503
1404,0.418771624332294,0.0859863787217116
1405,0.879265945171937,0.00878357407587943
1406,0.107987073017284,0.0184208783929826
1407,0.980278696399182,0.170318631557704
1408,0.264966631308198,11.1097939889181
1409,0.0842775232158601,0.00856619588622406
1410,0.385907175717875,0.263400709634898
1411,0.124895827146247,0.0372006202910989
1412,0.581554221687838,0.124307632515968
1413,0.240149608114734,0.00468868916440333
1414,0.721887888619676,0.0570115268605197
1415,0.145928690675646,0.0060966672568997
1416,0.15283877030015,0.560190578503604
1417,0.259222670225427,26.2142006567192
1418,0.777886260068044,0.00206017575352471
1419,0.426466299686581,0.225658026049912
1420,0.0600483361631632,113.855640593152
1421,0.1148325370159,0.242755841912012
1422,0.48275689734146,0.546162533496206
1423,0.979173583909869,573.205049021271
1424,0.811516786925495,45.8191839661856
1425,0.542912817094475,0.724150977353156
1426,0.0723670870065689,826.800007011579
1427,0.46648524608463,0.0588112331556425
1428,0.33990564593114,0.0120634661444668
1429,0.689918605145067,43.7464694804583
1430,0.514157372061163,170.597643115418
1431,0.514923015609384,0.0748816565457397
1432,0.545514354016632,311.977962326535
1433,0.447457330068573,315.651722768355
1434,0.0838848403654993,71.0108764930454
1435,0.930133691756055,0.130014106239094
1436,0.0164481862448156,11.4039513946193
1437,0.414092399412766,0.0406088467587448
1438,0.226976093370467,569.916391006559
1439,0.0996405873447657,0.00525375015303192
1440,0.482923875097185,0.0859410384578484
1441,0.650128671433777,5.96170350768186
1442,0.92132977838628,0.0279422094827544
1443,0.362601807108149,381.333038114407
1444,0.85513499006629,3.6201001527355
1445,0.300906151533127,0.145423683481262
1446,0.465662425151095,4.49140174352278
1447,0.142730664927512,4.17761922140321
1448,0.80771899363026,196.728788485709
1449,0.665807631798089,6.10986037782812
1450,0.0619409799110144,159.504339808383
1451,0.430925568332896,349.778629545467
1452,0.396855081431568,2.59471453424673
1453,0.696956751402467,30.5332046462259
1454,0.659319650614634,0.223641995853627
1455,0.407350709661841,0.00694298927260237
1456,0.306920220376924,478.499569601438
1457,0.255107345059514,0.028333304752801
1458,0.672568153357133,0.00132932869487084
1459,0.8943934335839,0.0229698650697894
1460,0.845736156217754,0.0259046570510707
1461,0.392901856917888,2.18226455074623
1462,0.0790505399927497,9.54085696104204
1463,0.82842305698432,0.978406524865799
1464,0.0728918248787522,0.00484753215194751
1465,0.114762677578256,7.31471467084771
1466,0.6399842700921,5.82803472345436
1467,0.320566200185567,0.0337166385821711
1468,0.1887495261617,0.0256498664620301
1469,0.393829641165212,0.130904986511201
1470,0.86202601599507,0.0690647712818434
1471,0.347911406541243,42.6729067167432
1472,0.00143389846198261,0.0231637664352717
1473,0.911284453701228,0.576968819447532
1474,0.951723448932171,108.4233317896
1475,0.49091898300685,0.0341789198318493
1476,0.463651715312153,0.577337797969361
1477,0.596472046803683,102.916867149819
1478,0.906050957273692,0.0950872539589437
1479,0.173001179005951,1.07749536455663
1480,0.785881076706573,43.2114776791716
1481,0.232934384606779,0.0117912894307787
1482,0.577048209030181,926.118263194751
1483,0.840877033304423,559.023525686782
1484,0.132203776855022,1.27075315700221
1485,0.895891189575195,0.00525410329046971
1486,0.45013734116219,2.39682109540407
1487,0.894142537843436,0.00164131205216194
1488,0.248545180540532,541.761787045342
1489,0.0836952936369926,0.00115531975182114
1490,0.0486410746816546,2.89321588026783
1491,0.979815867030993,28.8469774410791
1492,0.484167741145939,0.0133533443677261
1493,0.845393033931032,0.060016142560284
1494,0.416293604532257,0.479543318482626
1495,0.489342542830855,0.222035963296862
1496,0.183287817519158,8.82054409121276
1497,0.759161467896774,4.85335910863877
1498,0.305143302539364,23.8539186771492
1499,0.165678247110918,0.0829675302801432
1500,0.0328091429546475,0.00720859140959127
1501,0.13650520821102,0.002061942755393
1502,0.177136411424726,549.47704120525
1503,0.519560450455174,0.00139262139575638
1504,0.811120785074309,341.386638312673
1505,0.11536201252602,0.157485935573798
1506,0.893421786604449,15.6473987874498
1507,0.575352881103754,2.61542778986317
1508,0.146572394296527,0.0500745975082012
1509,0.902805796358734,0.0011432830766564
1510,0.253002469427884,0.336211361800017
1511,0.150597600266337,4.87651276715325
1512,0.76854715985246,0.00104311030364463
1513,0.230123331071809,9.65975023970414
1514,0.305399328004569,0.00485289910523976
1515,0.518569612177089,264.274167991057
1516,0.334599666763097,0.00396071276713608
1517,0.154434968251735,2.47651121069158
1518,0.266369568649679,0.0318764208820108
1519,0.350754616782069,3.08210924662832
1520,0.578458378789946,530.229859415037
1521,0.808601795230061,23.353648629768
1522,0.933270314941183,0.266360679315136
1523,0.833863337524235,0.899557922805101
1524,0.127002774504945,10.8739710911219
1525,0.649453951511532,0.643782180602289
1526,0.690351657569408,0.058917517028684
1527,0.0320448244456202,1.89651586534383
1528,0.920489149866626,26.0013100084986
1529,0.478468887042254,43.1797809055848
1530,0.266520578414202,78.1332407380981
1531,0.856510716257617,0.098931295426963
1532,0.229146477766335,226.739403901313
1533,0.79194687330164,0.0705147043849484
1534,0.646774860331789,15.7292253768351
1535,0.424334690673277,0.0142736516021597
1536,0.0950682680122554,741.422448613715
1537,0.00346770393662155,0.0101797900875136
1538,0.531133668962866,0.0103698175542266
1539,0.524307115934789,5.90447217971305
1540,0.213185554603115,25.7038170223165
1541,0.7169320799876,440.276135497284
1542,0.961343576200306,41.2386218722839
1543,0.518266599625349,0.00979426312484551
1544,0.174528022296727,0.0475603480006757
1545,0.562540134880692,0.354858092805286
1546,0.759258169680834,107.327053719808
1547,0.666971337515861,0.00797717984079327
1548,0.224872923223302,9.96642134480647
1549,0.345849762437865,82.2346470472987
1550,0.319831759901717,11.0990600396073
1551,0.904898397624493,0.177949347746216
1552,0.199198380112648,206.03126228296
1553,0.68096301658079,2.67706859340638
1554,0.137517758645117,0.659276400330612
1555,0.10699468688108,6.59699877933426
1556,0.0928593957796693,28.0894993504398
1557,0.916448955191299,0.00737854435199397
1558,0.277060435852036,0.273206858578848
1559,0.885793877299875,0.56088899246712
1560,0.772864649537951,2.24217703041858
1561,0.795051236171275,0.285942891377358
1562,0.205673593096435,997.650696465523
1563,0.0481933229602873,32.1222516217272
1564,0.0388159311842173,0.0133129963499118
1565,0.284574129851535,0.00440954299582685
1566,0.348809832474217,29.3705246173356
1567,0.737453325418755,0.00481430323837507
1568,0.251663581235334,993.521116263051
1569,0.517437003087252,47.2565729803315
1570,0.759444722672924,0.280031455539613
1571,0.636084527941421,0.046220158665321
1572,0.2039406853728,561.801802303325
1573,0.993045282084495,0.0332763290573839
1574,0.000405043363571167,0.00516192204564544
1575,0.206570025067776,1.86580949755076
1576,0.634028090629727,11.0852450993094
1577,0.0172918252646923,0.175149699731239
1578,0.0267354713287205,0.00750630330682722
1579,0.60784059506841,666.342421027432
1580,0.570541352732107,0.00255004052492413
1581,0.245853347936645,4.13460032448809
1582,0.919525086414069,0.0145520578546082
1583,0.672216201666743,2.4342495408407
1584,0.645450439304113,0.00755707026828356
1585,0.208285454660654,89.3782468964771
1586,0.480617735767737,0.0941117178134097
1587,0.986518583260477,0.717962520797402
1588,0.993119847727939,0.0135616037963937
1589,0.450774036580697,1.30924281934773
1590,0.714848786126822,0.93421745581986
1591,0.316561612533405,0.00695984178517592
1592,0.833687560632825,33.4890048514841
1593,0.433975581545383,0.00113625044812868
1594,0.995992258191109,0.0115116550952498
1595,0.805811213329434,0.00472170909121197
1596,0.486242167418823,1.66331415619917
1597,0.538772000931203,1.87707928732993
1598,0.341039908351377,0.00130515062362322
1599,0.0520156044512987,0.00789223137097462
1600,0.458723113173619,2.1836633704022
1601,0.498156590387225,34.0730079083325
1602,0.282764225266874,9.36214577820089
1603,0.776445082388818,39.8356726935416
1604,0.3038527618628,0.00707448423197223
1605,0.515551181975752,3.29637278164542
1606,0.477950773201883,17.6963137175664
1607,0.768852224573493,0.330300434819357
1608,0.163928855676204,902.600349171013
1609,0.441774149890989,0.00321796244441779
1610,0.523407669737935,1.97562138167966
1611,0.476919188629836,0.186040654173925
1612,0.524643287761137,0.210867781717299
1613,0.685228247195482,0.0887681975951601
1614,0.351792022120208,974.914615721781
1615,0.839631285285577,30.4456016168525
1616,0.921913691563532,48.361905888201
1617,0.106309621362016,273.121925455626
1618,0.206528918119147,10.087521865664
1619,0.486642911797389,14.2864183239217
1620,0.323822023812681,484.84792812924
1621,0.471713925013319,0.00588794841409339
1622,0.586088502081111,516.037540221431
1623,0.223950012587011,531.077255086446
1624,0.734029720071703,0.00330085055384312
1625,0.150484099052846,117.518015781304
1626,0.697553366888314,35.3210227461268
1627,0.264107904862612,3.40747070414229
1628,0.426464922260493,0.0669882143102501
1629,0.721333573339507,0.00118040766854694
1630,0.474471707129851,0.0862009733841379
1631,0.338586960919201,0.0102934681681772
1632,0.240592138841748,0.0202662301852256
1633,0.216259677894413,0.684581690563639
1634,0.24205811903812,0.00109155132026373
1635,0.564904673025012,46.3743810777916
1636,0.712568088900298,56.8238557327447
1637,0.108096597949043,0.00508471695317087
1638,0.519075873540714,0.0143034702116677
1639,0.852190344594419,1014.66069047879
1640,0.714631942100823,267.728703609069
1641,0.313981684856117,0.00105141419775764
1642,0.115817142417654,22.2509428600843
1643,0.575004067504779,0.274492622289834
1644,0.831371922045946,0.00134178465813401
1645,0.520339757902548,0.241821025221258
1646,0.694011028623208,0.0114439376551208
1647,0.499903989490122,0.032825388532639
1648,0.354160398710519,309.306899111464
1649,0.964804159011692,0.176450525903012
1650,0.922261254163459,0.0622968458991162
1651,0.204592706635594,42.8588288527101
1652,0.954902932746336,0.00119095394703385
1653,0.873992832377553,0.0137883040964986
1654,0.697344831423834,1014.19654029223
1655,0.51259378483519,0.00126441163770367
1656,0.480816515395418,20.5010291717524
1657,0.201800923096016,1.67837449468991
1658,0.100229354342446,0.222106801607334
1659,0.472588874632493,0.989985907829907
1660,0.312179648084566,890.5344207052
1661,0.772399305133149,0.930111060005307
1662,0.901074001332745,741.125258519472
1663,0.335229284130037,31.0917570365826
1664,0.823944246396422,12.9071451525864
1665,0.22003285982646,0.92976630154388
1666,0.766123738372698,0.00207934658949648
1667,0.560707851080224,49.2751313154425
1668,0.423455537762493,0.118733441910251
1669,0.838569788262248,0.0013280583073561
1670,0.287320587551221,5.48499710875386
1671,0.470720700686797,0.00588981104910517
1672,0.780844533350319,0.0118166451570008
1673,0.0827168372925371,6.62353901918955
1674,0.394517550244927,0.0101290818928473
1675,0.0956614073365927,0.147792553171202
1676,0.13333323597908,0.0208832504909839
1677,0.221126178046688,93.8484129837585
1678,0.274119541049004,0.00102714444857211
1679,0.299059249693528,0.00867041979794395
1680,0.374786772532389,428.777481033783
1681,0.491452492540702,39.6361642154777
1682,0.878602623473853,86.3822889300738
1683,0.748729828745127,0.0320400870166996
1684,0.955186023144051,0.00498259996718735
1685,0.331920213066041,0.00615899900978992
1686,0.824162796372548,0.326963270202586
1687,0.13266538339667,0.155765777355839
1688,0.124696853803471,0.00726646189853212
1689,0.728109711781144,1.31678296297336
1690,0.54842082853429,30.1859970602107
1691,0.608517412794754,0.00447363686966283
1692,0.12294670054689,0.164032037630247
1693,0.876434698933735,0.0213242254753688
1694,0.842348815640435,245.483017392249
1695,0.0462378135416657,0.00426563324917242
1696,0.707018328597769,109.895746834967
1697,0.534791055135429,120.041578044092
1698,0.945457234047353,0.00141825279061459
1699,0.912029979052022,39.587255171976
1700,0.455978516489267,0.0440872343059295
1701,0.765520478598773,0.00791196929307715
1702,0.50504457950592,0.00383636425113087
1703,0.202548482920974,18.7275403247737
1704,0.717138722306117,0.545009253170856
1705,0.768076964421198,0.247027002032194
1706,0.706377045251429,4.99007273183857
1707,0.19162413617596,0.00615255853497281
1708,0.297899801051244,0.00298683267965836
1709,0.325131266377866,9.60570053211714
1710,0.571876234840602,58.5183821480112
1711,0.882491525495425,0.172818394862753
1712,0.877103376435116,63.0202257196739
1713,0.385852537117898,74.1503355117905
1714,0.737772154854611,156.750484068552
1715,0.79631936410442,0.34269505926821
1716,0.724161460762843,0.00368899516982765
1717,0.38543858891353,201.115789273203
1718,0.298152282601222,0.0534152807340721
1719,0.05747115239501,0.0670864142151729
1720,0.673692964250222,80.0097269297599
1721,0.197991926921532,3.33518810799833
1722,0.625107899075374,9.54507095142709
1723,0.138182840542868,7.40432745104807
1724,0.373078520642594,0.0231217628345256
1725,0.314089832827449,4.5896481294052
1726,0.815184899838641,0.827523938500842
1727,0.368318096967414,3.03223740090727
1728,0.439644126221538,76.2909595441297
1729,0.439058027463034,0.930646798353105
1730,0.601828285725787,0.00304501418677825
1731,0.403906936291605,0.605415911021923
1732,0.958318280987442,3.91072363417995
1733,0.970767963677645,310.310384101268
1734,0.914528023218736,0.00190036918018669
1735,0.0828737083356827,82.2479437891993
1736,0.476859610993415,0.00329135314039749
1737,0.339135265909135,0.0417916597720945
1738,0.673435813980177,123.489299817763
1739,0.636485945200548,331.800304802171
1740,0.859278114512563,0.00304536187812389
1741,0.948284424841404,2.22113847135744
1742,0.573967065894976,0.00176585597067243
1743,0.535269055515528,0.0363420120377065
1744,0.941694442881271,0.013223839649389
1745,0.892355152172968,2.54619607202635
1746,0.410306338686496,0.00242740405516062
1747,0.0500307474285364,0.420731269345981
1748,0.778269294649363,2.08789711197041
1749,0.925961389672011,1.74595439171988
1750,0.377477207919583,0.0332582158902429
1751,0.24492099462077,0.0096421758641071
1752,0.0876359085086733,23.5168277154366
1753,0.391108496813104,0.017017432611287
1754,0.182561425259337,3.31569320430943
1755,0.133624784648418,308.88361872211
1756,0.257462913403288,0.0172092974482394
1757,0.55324704782106,99.4805891631339
1758,0.148069276474416,0.070715727696216
1759,0.962896824115887,0.0133081110167006
1760,0.944522878853604,1.30034491710704
1761,0.992285794112831,0.0125228991667837
1762,0.706210570642725,0.0218770522294485
1763,0.140778355766088,568.776081384808
1764,0.00898262416012585,0.0142024800796902
1765,0.686495538568124,693.346859747816
1766,0.681218191748485,391.927704019868
1767,0.917510882485658,0.0202035795459492
1768,0.408421214204282,0.142105776767216
1769,0.422439390094951,0.00371639728710914
1770,0.537320081843063,162.709109573569
1771,0.413646463071927,964.052099461896
1772,0.0976446585264057,2.7175057701849
1773,0.380267640342936,3.52152084114985
1774,0.198000577511266,16.0737470935998
1775,0.725024226354435,2.79225884429698
1776,0.0110090409871191,0.00939187557113605
1777,0.918857760028914,1.52297907805309
1778,0.900228734128177,0.989024037344039
1779,0.754153864458203,337.646880016593
1780,0.951921815052629,0.517818090460661
1781,0.62558709224686,0.348588758481985
1782,0.655950521118939,0.00284160429292012
1783,0.381375617580488,376.218749269457
1784,0.0656056352891028,0.0749353839993265
1785,0.690880850423127,0.298046064433769
1786,0.127483867341653,0.23256684228916
1787,0.291318518575281,14.57512459177
1788,0.632220890838653,3.58968306984335
1789,0.390023997751996,0.00788711687670937
1790,0.0704256598837674,0.11253796866558
1791,0.863572930917144,2.55552913920943
1792,0.385190207045525,36.7274527062727
1793,0.670760133769363,208.10971343445
1794,0.0211963022593409,27.3618684127689
1795,0.595228760736063,0.406686361368928
1796,0.276241161162034,0.00129696840215027
1797,0.399126905016601,256.576006415142
1798,0.145815429510549,0.00552720365614873
1799,0.824081728467718,979.651636251461
1800,0.140409882646054,0.0023920397087856
1801,0.909047515131533,92.9050848692709
1802,0.899924811441451,0.135846308084885
1803,0.192349253920838,0.256422259209755
1804,0.53229026379995,648.847947039828
1805,0.522124740527943,1.70361257526143
1806,0.16033573099412,6.10173968101331
1807,0.519567017676309,0.0976244256875813
1808,0.224503509234637,0.0040677092142252
1809,0.281511990353465,835.465490789953
1810,0.503687579883263,10.4697681831939
1811,0.158960648812354,0.000997694639918009
1812,0.920630739303306,0.155797337792798
1813,0.499029459664598,1.56340510782535
1814,0.615344077115878,2.15315975929209
1815,0.743930876953527,1.83655112166131
1816,0.61681821080856,1.9934519112235
1817,0.930141045944765,3.22707504669755
1818,0.0803784660529345,0.00232891604549629
1819,0.0281211910769343,0.00223232079741847
1820,0.541528468718752,246.775684391279
1821,0.241202568868175,3.27562776803284
1822,0.64483752194792,90.4355252185219
1823,0.377736799186096,2.8061614076339
1824,0.0468536866828799,0.102043158850044
1825,0.0481404992751777,241.910827766666
1826,0.962842692388222,0.00253648860505125
1827,0.226466750493273,15.9320524775865
1828,0.0113935696426779,0.00208439581162177
1829,0.218475638190284,163.533452700733
1830,0.0559375686571002,87.9215842881787
1831,0.234972146805376,0.01018887213592
1832,0.402696270029992,79.8118409526699
1833,0.0143044360447675,0.503457403630484
1834,0.361763168359175,0.0321242098199581
1835,0.584499739808962,2.86895293247056
1836,0.605793738272041,12.7521289183444
1837,0.263718613190576,4.42430294875309
1838,0.67514867708087,10.9686494739197
1839,0.935806215973571,0.0287157430144743
1840,0.00359140639193356,533.18102982127
1841,0.786971174879,390.466826690135
1842,0.806933146901429,15.9027423916646
1843,0.0730383845511824,0.0414328546550905
1844,0.56699930364266,707.735154444245
1845,0.539190846029669,0.00204257110295151
1846,0.137675155187026,3.92919878587016
1847,0.276332648936659,8.73474920864217
1848,0.351843506796286,43.8134539260691
1849,0.812805236317217,30.6252804344853
1850,0.171541348099709,113.939124274612
1851,0.521162092685699,93.6335004669613
1852,0.764622842427343,0.64939985975681
1853,0.288755647372454,0.0105996151467345
1854,0.436778316041455,808.559230951813
1855,0.66945075779222,0.256870363194073
1856,0.0369237822014838,40.0361374541129
1857,0.560646349098533,0.00349701450138107
1858,0.932383237173781,240.206470817783
1859,0.434622491942719,64.7843023837795
1860,0.936232616892084,6.00745001615291
1861,0.978302628034726,6.58562549858627
1862,0.676762288669124,262.54313112426
1863,0.298268895363435,83.9573022280296
1864,0.208253394579515,0.985335708448579
1865,0.318896428914741,23.7514881176042
1866,0.854374968446791,49.1499005788876
1867,0.0610599068459123,0.042243495553037
1868,0.18204610561952,19.584208191336
1869,0.483836601022631,2.68661547016851
1870,0.338283574208617,227.533334643302
1871,0.813362698070705,0.00144309623186722
1872,0.870432480005547,11.95844563324
1873,0.019161278847605,14.4198023558094
1874,0.824748182203621,2.67734411157459
1875,0.401268495246768,102.114570375801
1876,0.672058288240805,0.0581600431953318
1877,0.118672215612605,0.0137133949243056
1878,0.476424339460209,0.0101802046917974
1879,0.925339963752776,0.00122481042725261
1880,0.574839341687039,0.00478678996788149
1881,0.912751579657197,0.00236821946728909
1882,0.755301924189553,69.0174763654118
1883,0.630999924149364,0.0061575695008115
1884,0.794420650461689,0.0034114202026934
1885,0.923546462319791,231.341936928195
1886,0.164468809729442,25.5793262469648
1887,0.192883944371715,1.01944351182346
1888,0.097642665496096,0.0451906474876062
1889,0.829109395388514,0.00435812197157937
1890,0.805863957852125,122.830552703982
1891,0.279269986320287,18.582006249637
1892,0.449029579060152,68.8331619528508
1893,0.625878707272932,0.0011941900360934
1894,0.370921416208148,0.0328610877054939
1895,0.38231894839555,0.258617706153733
1896,0.91448087641038,0.0968642766817679
1897,0.390297754667699,162.275487104318
1898,0.0702937594614923,0.0110456441289765
1899,0.707506610779092,0.156688183126441
1900,0.69299681391567,0.00143557930352962
1901,0.0961472901981324,271.077892275909
1902,0.0369032295420766,113.105096141303
1903,0.400940120918676,619.078637767198
1904,0.0115372252184898,4.99075247445675
1905,0.567891015904024,0.00525800871657663
1906,0.944949925877154,363.871419280379
1907,0.343302177265286,0.00549383374877818
1908,0.244498279877007,2.17586748535604
1909,0.5416769774165,0.0118807978030118
1910,0.117704377975315,870.548657852359
1911,0.374908455181867,16.336859874417
1912,0.327511116862297,0.033350723612128
1913,0.947205751203001,62.3910524858166
1914,0.91057491232641,0.175056285141108
1915,0.762444715481251,212.88018517171
1916,0.758074916200712,0.00648235209893729
1917,0.998490834375843,267.27512978989
1918,0.580401404760778,264.470474945588
1919,0.213284181430936,144.961906613185
1920,0.133551898412406,1.55612182410269
1921,0.792282316135243,92.206946551231
1922,0.981905837310478,416.441001716075
1923,0.982048792531714,2.45847849814123
1924,0.125443475088105,0.231691431640079
1925,0.618285143980756,0.0130904829906955
1926,0.858186804223806,203.656102047318
1927,0.139387535862625,0.0249883733136634
1928,0.366580521455035,473.27547392759
1929,0.157130227191374,8.96500555001689
1930,0.447839834261686,0.00891621667488884
1931,0.485874579288065,540.17644145792
1932,0.950203040381894,0.00840908884057473
1933,0.904753880109638,556.362618768449
1934,0.940164701780304,8.26448549464015
1935,0.773493236629292,0.00142071771614856
1936,0.0922109857201576,0.343318442524993
1937,0.0162434296216816,0.0160957206473604
1938,0.333509586984292,5.28151180448577
1939,0.241853092331439,347.626962507905
1940,0.792070718249306,2.90063807785216
1941,0.496387037681416,0.00715312799699292
1942,0.513879090314731,0.154074042299235
1943,0.0724018786568195,0.00204482214374989
1944,0.345139099750668,0.00484703848410732
1945,0.756324941292405,22.8429750491
1946,0.385119045618922,0.0100471633415239
1947,0.00692103989422321,575.623102426672
1948,0.718439230229706,0.00225788523854582
1949,0.556969332275912,708.924790591658
1950,0.0700826265383512,0.897374540314467
1951,0.347816531080753,16.661219942246
1952,0.413005554582924,22.2637301649169
1953,0.311655198922381,38.9267981331977
1954,0.737567968200892,192.476744233641
1955,0.388340283883736,18.9725624627991
1956,0.619424278149381,0.0291605115863173
1957,0.623541267821565,0.904815134710164
1958,0.802412331104279,35.5795188887302
1959,0.654067937284708,0.000981631775433173
1960,0.679453118005767,0.00312196454913756
1961,0.410754823358729,46.2588215046008
1962,0.663253142498434,0.057132399128688
1963,0.0271177776157856,0.121270084515154
1964,0.815928964642808,7.90273821325811
1965,0.0750427790917456,117.341850674793
1966,0.900965292239562,0.00254431665079857
1967,0.07082723476924,0.0386541810399938
1968,0.191123383352533,18.4609625732548
1969,0.776929248124361,0.00198228038473854
1970,0.203133503673598,0.102210583624897
1971,0.403764510527253,233.871848027119
1972,0.446180628146976,0.0230449892617475
1973,0.606295468751341,2.71186788170861
1974,0.57644574274309,0.0138008868790846
1975,0.0595067664980888,1020.64453485712
1976,0.182665084954351,1.0259730670678
1977,0.296121661784127,84.5182052583312
1978,0.376079086214304,6.68981857323853
1979,0.713095941813663,133.061274915157
1980,0.125148585997522,13.3810132085422
1981,0.42923343507573,46.8599781494539
1982,0.0303770385216922,0.00745799983150472
1983,0.454168669413775,0.0430605376560677
1984,0.794308127136901,0.036106990147484
1985,0.471276496304199,0.134961866473347
1986,0.236389610683545,0.0363629693471425
1987,0.88703501666896,137.927085705529
1988,0.125952785136178,25.9414102388952
1989,0.269311398966238,135.885924213158
1990,0.882458147127181,25.7430439998756
1991,0.750519821885973,21.125001048452
1992,0.0976929415483028,812.816284090422
1993,0.815567015903071,0.00921721932334145
1994,0.858393028844148,40.0463144695022
1995,0.117157299770042,540.962376814252
1996,0.137397162383422,0.0389601697335573
1997,0.548256997484714,0.00320991631362199
1998,0.059029650175944,0.023332990742214
1999,0.495523291174322,0.09797723970451
2000,0.00741752306930721,524.929612444842
