"param_index","num.trees","min.node.size","replace","splitrule"
1001,6810,2,TRUE,"extratrees"
1002,7546,1,FALSE,"gini"
1003,376,2,TRUE,"extratrees"
1004,4616,4,TRUE,"gini"
1005,1934,4,FALSE,"gini"
1006,1099,1,FALSE,"extratrees"
1007,2995,2,FALSE,"gini"
1008,187,4,TRUE,"extratrees"
1009,2075,4,TRUE,"gini"
1010,2590,4,FALSE,"extratrees"
1011,828,2,TRUE,"gini"
1012,2763,2,TRUE,"extratrees"
1013,7463,2,TRUE,"gini"
1014,326,2,FALSE,"gini"
1015,846,3,FALSE,"gini"
1016,7649,2,FALSE,"gini"
1017,9122,4,TRUE,"extratrees"
1018,173,1,FALSE,"extratrees"
1019,897,2,TRUE,"gini"
1020,1329,3,TRUE,"extratrees"
1021,6480,1,FALSE,"gini"
1022,190,4,TRUE,"extratrees"
1023,9582,3,FALSE,"gini"
1024,7887,2,TRUE,"gini"
1025,147,4,TRUE,"gini"
1026,1075,4,TRUE,"extratrees"
1027,607,4,TRUE,"extratrees"
1028,6531,3,FALSE,"extratrees"
1029,788,2,TRUE,"extratrees"
1030,4736,1,FALSE,"gini"
1031,3009,2,TRUE,"gini"
1032,4221,1,FALSE,"extratrees"
1033,601,1,TRUE,"extratrees"
1034,2363,1,FALSE,"gini"
1035,102,4,FALSE,"gini"
1036,4669,4,FALSE,"gini"
1037,104,2,FALSE,"extratrees"
1038,262,4,TRUE,"gini"
1039,6557,1,TRUE,"extratrees"
1040,1685,2,TRUE,"gini"
1041,578,2,TRUE,"gini"
1042,749,3,FALSE,"extratrees"
1043,119,2,FALSE,"gini"
1044,8927,1,FALSE,"gini"
1045,735,4,TRUE,"extratrees"
1046,8294,4,TRUE,"extratrees"
1047,6012,3,TRUE,"gini"
1048,1919,1,TRUE,"extratrees"
1049,8822,4,FALSE,"gini"
1050,1740,2,TRUE,"gini"
1051,467,3,TRUE,"gini"
1052,497,4,FALSE,"gini"
1053,630,3,FALSE,"extratrees"
1054,3738,3,FALSE,"gini"
1055,120,1,FALSE,"extratrees"
1056,3168,4,FALSE,"extratrees"
1057,2279,4,FALSE,"gini"
1058,221,1,FALSE,"gini"
1059,335,2,FALSE,"gini"
1060,1076,4,FALSE,"gini"
1061,2261,1,TRUE,"gini"
1062,9318,3,FALSE,"gini"
1063,3329,4,FALSE,"gini"
1064,1367,4,TRUE,"extratrees"
1065,5044,4,TRUE,"extratrees"
1066,241,4,FALSE,"extratrees"
1067,351,3,FALSE,"gini"
1068,4568,1,TRUE,"gini"
1069,2452,4,TRUE,"extratrees"
1070,304,3,FALSE,"extratrees"
1071,122,3,FALSE,"extratrees"
1072,192,2,TRUE,"gini"
1073,272,1,TRUE,"extratrees"
1074,915,4,FALSE,"extratrees"
1075,249,3,TRUE,"extratrees"
1076,2766,3,TRUE,"gini"
1077,104,3,TRUE,"extratrees"
1078,567,4,FALSE,"extratrees"
1079,1076,1,FALSE,"extratrees"
1080,101,1,TRUE,"gini"
1081,1466,4,FALSE,"gini"
1082,208,3,TRUE,"extratrees"
1083,525,3,TRUE,"extratrees"
1084,1969,4,TRUE,"extratrees"
1085,3589,3,TRUE,"extratrees"
1086,1350,3,TRUE,"gini"
1087,295,1,FALSE,"extratrees"
1088,152,3,FALSE,"extratrees"
1089,149,2,TRUE,"gini"
1090,410,2,FALSE,"gini"
1091,2177,1,FALSE,"gini"
1092,101,1,FALSE,"extratrees"
1093,263,1,FALSE,"gini"
1094,7407,2,FALSE,"gini"
1095,7159,1,TRUE,"gini"
1096,2961,4,FALSE,"extratrees"
1097,466,2,TRUE,"gini"
1098,1079,2,FALSE,"gini"
1099,3099,1,FALSE,"extratrees"
1100,1743,3,FALSE,"extratrees"
1101,1801,2,FALSE,"extratrees"
1102,273,4,TRUE,"gini"
1103,273,1,FALSE,"gini"
1104,603,3,TRUE,"extratrees"
1105,7736,2,TRUE,"extratrees"
1106,8489,1,TRUE,"gini"
1107,3040,3,TRUE,"gini"
1108,2949,2,FALSE,"gini"
1109,1187,4,TRUE,"extratrees"
1110,101,3,TRUE,"gini"
1111,1663,2,TRUE,"extratrees"
1112,4753,1,FALSE,"gini"
1113,3208,1,TRUE,"gini"
1114,809,3,TRUE,"extratrees"
1115,1187,2,TRUE,"extratrees"
1116,1196,4,FALSE,"extratrees"
1117,101,4,TRUE,"extratrees"
1118,517,4,FALSE,"extratrees"
1119,1688,3,FALSE,"gini"
1120,4584,2,FALSE,"extratrees"
1121,520,2,TRUE,"extratrees"
1122,667,4,FALSE,"gini"
1123,1412,1,TRUE,"gini"
1124,1522,2,TRUE,"gini"
1125,2770,3,FALSE,"extratrees"
1126,620,4,FALSE,"gini"
1127,6950,3,TRUE,"gini"
1128,8487,3,FALSE,"extratrees"
1129,295,1,FALSE,"extratrees"
1130,2833,3,TRUE,"gini"
1131,6468,4,FALSE,"gini"
1132,1621,2,FALSE,"gini"
1133,1845,4,FALSE,"extratrees"
1134,7557,2,TRUE,"extratrees"
1135,5063,4,FALSE,"gini"
1136,1454,3,TRUE,"extratrees"
1137,4428,4,FALSE,"extratrees"
1138,170,3,FALSE,"extratrees"
1139,3406,1,FALSE,"gini"
1140,1779,1,TRUE,"gini"
1141,199,1,TRUE,"extratrees"
1142,145,4,FALSE,"extratrees"
1143,853,4,TRUE,"extratrees"
1144,3648,2,FALSE,"gini"
1145,2953,1,TRUE,"extratrees"
1146,4343,3,TRUE,"extratrees"
1147,220,1,TRUE,"extratrees"
1148,7817,3,FALSE,"gini"
1149,389,1,TRUE,"gini"
1150,200,4,TRUE,"gini"
1151,2767,1,TRUE,"extratrees"
1152,447,2,FALSE,"gini"
1153,3638,3,FALSE,"extratrees"
1154,619,2,FALSE,"gini"
1155,2292,1,TRUE,"gini"
1156,3589,3,TRUE,"extratrees"
1157,239,2,FALSE,"extratrees"
1158,115,4,TRUE,"extratrees"
1159,188,1,TRUE,"gini"
1160,2309,1,TRUE,"gini"
1161,7468,4,TRUE,"gini"
1162,1270,3,FALSE,"gini"
1163,1609,3,TRUE,"gini"
1164,249,2,FALSE,"extratrees"
1165,1184,2,FALSE,"extratrees"
1166,230,2,TRUE,"extratrees"
1167,806,2,FALSE,"gini"
1168,433,3,FALSE,"gini"
1169,172,2,TRUE,"extratrees"
1170,237,4,TRUE,"extratrees"
1171,2902,4,FALSE,"extratrees"
1172,670,1,FALSE,"extratrees"
1173,677,1,TRUE,"extratrees"
1174,919,2,TRUE,"gini"
1175,720,3,TRUE,"gini"
1176,188,3,TRUE,"gini"
1177,4495,3,TRUE,"extratrees"
1178,1540,4,TRUE,"extratrees"
1179,3909,3,FALSE,"extratrees"
1180,3478,2,FALSE,"extratrees"
1181,6913,1,FALSE,"extratrees"
1182,5354,4,FALSE,"extratrees"
1183,433,2,FALSE,"gini"
1184,332,3,TRUE,"extratrees"
1185,3074,3,TRUE,"extratrees"
1186,3147,2,TRUE,"gini"
1187,6908,1,FALSE,"gini"
1188,3888,2,FALSE,"extratrees"
1189,186,1,TRUE,"extratrees"
1190,378,3,TRUE,"gini"
1191,246,2,FALSE,"gini"
1192,3728,2,TRUE,"extratrees"
1193,182,4,TRUE,"extratrees"
1194,182,2,TRUE,"gini"
1195,140,3,FALSE,"extratrees"
1196,128,4,TRUE,"extratrees"
1197,1166,3,FALSE,"extratrees"
1198,169,2,FALSE,"gini"
1199,3087,1,TRUE,"gini"
1200,2923,3,FALSE,"extratrees"
1201,5939,2,TRUE,"gini"
1202,1089,2,TRUE,"gini"
1203,5097,2,FALSE,"gini"
1204,773,4,FALSE,"extratrees"
1205,208,2,FALSE,"extratrees"
1206,771,1,FALSE,"gini"
1207,8692,2,FALSE,"extratrees"
1208,937,1,TRUE,"extratrees"
1209,322,1,FALSE,"gini"
1210,332,1,TRUE,"extratrees"
1211,1221,4,TRUE,"gini"
1212,2008,4,FALSE,"gini"
1213,473,4,TRUE,"gini"
1214,133,2,FALSE,"gini"
1215,804,2,TRUE,"gini"
1216,4796,3,TRUE,"extratrees"
1217,1420,2,FALSE,"gini"
1218,512,2,TRUE,"extratrees"
1219,1252,1,FALSE,"gini"
1220,6151,4,TRUE,"extratrees"
1221,961,2,TRUE,"gini"
1222,222,1,FALSE,"extratrees"
1223,1227,3,TRUE,"extratrees"
1224,8444,4,TRUE,"gini"
1225,426,3,TRUE,"gini"
1226,4410,1,FALSE,"gini"
1227,414,4,FALSE,"gini"
1228,236,4,FALSE,"gini"
1229,125,2,FALSE,"extratrees"
1230,312,1,FALSE,"gini"
1231,507,3,FALSE,"extratrees"
1232,209,4,FALSE,"gini"
1233,408,1,FALSE,"extratrees"
1234,109,4,TRUE,"extratrees"
1235,9927,4,FALSE,"gini"
1236,4094,3,FALSE,"extratrees"
1237,150,4,FALSE,"extratrees"
1238,5538,4,FALSE,"gini"
1239,1294,4,TRUE,"gini"
1240,700,2,TRUE,"gini"
1241,137,1,TRUE,"gini"
1242,1336,2,FALSE,"gini"
1243,139,2,FALSE,"gini"
1244,266,3,FALSE,"extratrees"
1245,1265,2,TRUE,"extratrees"
1246,926,1,TRUE,"gini"
1247,209,3,FALSE,"extratrees"
1248,200,4,TRUE,"extratrees"
1249,1003,4,TRUE,"gini"
1250,7669,1,FALSE,"gini"
1251,469,2,TRUE,"gini"
1252,239,2,FALSE,"extratrees"
1253,348,3,TRUE,"gini"
1254,1160,4,FALSE,"gini"
1255,111,3,FALSE,"gini"
1256,3989,1,TRUE,"extratrees"
1257,167,1,TRUE,"gini"
1258,1209,3,FALSE,"extratrees"
1259,1398,4,FALSE,"extratrees"
1260,1741,3,FALSE,"gini"
1261,2709,2,TRUE,"extratrees"
1262,177,2,FALSE,"gini"
1263,421,3,FALSE,"extratrees"
1264,7854,2,FALSE,"extratrees"
1265,1007,2,TRUE,"extratrees"
1266,187,1,TRUE,"extratrees"
1267,5520,4,FALSE,"extratrees"
1268,258,1,TRUE,"gini"
1269,7139,4,TRUE,"gini"
1270,5984,1,TRUE,"gini"
1271,188,2,FALSE,"gini"
1272,3750,1,TRUE,"extratrees"
1273,812,2,TRUE,"gini"
1274,188,1,TRUE,"gini"
1275,5942,3,TRUE,"extratrees"
1276,474,3,TRUE,"gini"
1277,438,4,TRUE,"extratrees"
1278,646,4,FALSE,"extratrees"
1279,914,2,FALSE,"gini"
1280,547,1,TRUE,"extratrees"
1281,859,4,TRUE,"gini"
1282,126,3,FALSE,"extratrees"
1283,238,2,TRUE,"extratrees"
1284,9311,4,FALSE,"extratrees"
1285,456,1,TRUE,"gini"
1286,221,3,TRUE,"gini"
1287,953,1,FALSE,"extratrees"
1288,109,3,FALSE,"gini"
1289,480,1,FALSE,"extratrees"
1290,115,1,TRUE,"extratrees"
1291,5469,1,FALSE,"gini"
1292,2928,2,TRUE,"extratrees"
1293,429,4,FALSE,"extratrees"
1294,596,3,FALSE,"gini"
1295,465,2,FALSE,"extratrees"
1296,152,2,FALSE,"gini"
1297,3291,1,TRUE,"gini"
1298,1618,2,FALSE,"extratrees"
1299,196,2,TRUE,"extratrees"
1300,117,2,FALSE,"extratrees"
1301,934,3,TRUE,"extratrees"
1302,779,3,TRUE,"extratrees"
1303,133,3,FALSE,"gini"
1304,454,2,FALSE,"extratrees"
1305,5759,4,TRUE,"gini"
1306,7325,4,TRUE,"gini"
1307,612,3,TRUE,"gini"
1308,209,2,FALSE,"extratrees"
1309,439,2,FALSE,"gini"
1310,413,1,TRUE,"gini"
1311,165,1,FALSE,"extratrees"
1312,9169,2,FALSE,"gini"
1313,992,2,TRUE,"extratrees"
1314,154,3,FALSE,"gini"
1315,267,3,FALSE,"extratrees"
1316,7321,2,TRUE,"extratrees"
1317,395,1,TRUE,"gini"
1318,2039,1,FALSE,"gini"
1319,6392,2,FALSE,"gini"
1320,9667,3,FALSE,"extratrees"
1321,730,4,FALSE,"extratrees"
1322,617,3,FALSE,"gini"
1323,193,3,FALSE,"gini"
1324,365,2,FALSE,"extratrees"
1325,1357,3,FALSE,"extratrees"
1326,7479,4,FALSE,"gini"
1327,524,4,TRUE,"gini"
1328,4869,3,TRUE,"extratrees"
1329,2805,1,TRUE,"extratrees"
1330,3197,4,FALSE,"gini"
1331,7105,4,FALSE,"gini"
1332,102,3,TRUE,"gini"
1333,210,1,TRUE,"extratrees"
1334,633,2,FALSE,"gini"
1335,2258,1,FALSE,"gini"
1336,919,3,TRUE,"extratrees"
1337,1176,1,FALSE,"gini"
1338,433,3,TRUE,"gini"
1339,4294,2,FALSE,"extratrees"
1340,386,4,FALSE,"extratrees"
1341,662,4,TRUE,"extratrees"
1342,153,2,FALSE,"extratrees"
1343,3986,4,FALSE,"extratrees"
1344,527,4,TRUE,"gini"
1345,121,1,FALSE,"gini"
1346,121,1,FALSE,"extratrees"
1347,8175,3,FALSE,"gini"
1348,561,2,TRUE,"extratrees"
1349,4132,2,TRUE,"extratrees"
1350,6663,3,FALSE,"gini"
1351,764,2,TRUE,"gini"
1352,1431,4,TRUE,"gini"
1353,141,3,TRUE,"extratrees"
1354,214,1,FALSE,"extratrees"
1355,3041,4,TRUE,"gini"
1356,900,3,FALSE,"gini"
1357,2367,4,TRUE,"gini"
1358,8066,2,FALSE,"extratrees"
1359,995,2,FALSE,"extratrees"
1360,878,1,TRUE,"extratrees"
1361,1328,1,FALSE,"gini"
1362,2033,1,FALSE,"gini"
1363,364,1,TRUE,"gini"
1364,9193,1,FALSE,"gini"
1365,1953,2,TRUE,"extratrees"
1366,1473,4,TRUE,"extratrees"
1367,1717,3,TRUE,"gini"
1368,7142,1,TRUE,"extratrees"
1369,606,3,FALSE,"gini"
1370,379,4,TRUE,"extratrees"
1371,153,4,FALSE,"extratrees"
1372,443,1,FALSE,"extratrees"
1373,3310,3,TRUE,"gini"
1374,163,4,FALSE,"extratrees"
1375,2653,4,FALSE,"extratrees"
1376,8642,2,TRUE,"gini"
1377,254,3,TRUE,"gini"
1378,166,1,TRUE,"extratrees"
1379,130,3,FALSE,"extratrees"
1380,4601,1,TRUE,"gini"
1381,1463,4,TRUE,"gini"
1382,877,1,FALSE,"gini"
1383,540,3,FALSE,"extratrees"
1384,365,4,TRUE,"extratrees"
1385,1594,4,TRUE,"gini"
1386,4370,3,TRUE,"gini"
1387,158,3,FALSE,"gini"
1388,8531,1,FALSE,"extratrees"
1389,219,4,FALSE,"gini"
1390,149,3,TRUE,"extratrees"
1391,5319,4,TRUE,"gini"
1392,1128,2,TRUE,"extratrees"
1393,2073,3,FALSE,"extratrees"
1394,289,2,FALSE,"gini"
1395,2790,1,TRUE,"extratrees"
1396,964,2,TRUE,"gini"
1397,8593,4,FALSE,"extratrees"
1398,6568,1,TRUE,"gini"
1399,1275,3,TRUE,"gini"
1400,142,1,FALSE,"extratrees"
1401,112,3,FALSE,"gini"
1402,1070,3,TRUE,"gini"
1403,1839,3,TRUE,"gini"
1404,692,1,FALSE,"extratrees"
1405,5781,1,FALSE,"gini"
1406,165,2,TRUE,"gini"
1407,9209,1,FALSE,"extratrees"
1408,341,3,FALSE,"gini"
1409,148,2,TRUE,"extratrees"
1410,595,2,TRUE,"gini"
1411,179,1,TRUE,"extratrees"
1412,1466,4,FALSE,"extratrees"
1413,304,1,TRUE,"gini"
1414,2799,3,FALSE,"extratrees"
1415,197,3,FALSE,"gini"
1416,203,1,FALSE,"extratrees"
1417,332,2,FALSE,"gini"
1418,3623,2,FALSE,"gini"
1419,717,3,TRUE,"extratrees"
1420,132,1,FALSE,"gini"
1421,171,4,FALSE,"gini"
1422,930,1,FALSE,"gini"
1423,9162,2,FALSE,"extratrees"
1424,4230,1,TRUE,"gini"
1425,1227,3,TRUE,"extratrees"
1426,140,1,FALSE,"gini"
1427,862,2,TRUE,"gini"
1428,481,1,FALSE,"gini"
1429,2415,3,TRUE,"gini"
1430,1074,4,FALSE,"extratrees"
1431,1078,4,FALSE,"extratrees"
1432,1241,2,TRUE,"extratrees"
1433,790,1,TRUE,"extratrees"
1434,148,1,FALSE,"gini"
1435,7309,4,TRUE,"gini"
1436,108,3,FALSE,"gini"
1437,677,3,TRUE,"extratrees"
1438,286,2,FALSE,"extratrees"
1439,159,3,TRUE,"gini"
1440,930,3,TRUE,"gini"
1441,2011,1,TRUE,"extratrees"
1442,7018,4,FALSE,"gini"
1443,534,3,FALSE,"gini"
1444,5173,2,FALSE,"extratrees"
1445,402,2,TRUE,"gini"
1446,859,2,FALSE,"extratrees"
1447,194,3,FALSE,"gini"
1448,4157,2,TRUE,"extratrees"
1449,2161,1,TRUE,"gini"
1450,134,2,TRUE,"gini"
1451,732,2,TRUE,"extratrees"
1452,626,4,TRUE,"extratrees"
1453,2495,3,TRUE,"gini"
1454,2098,4,TRUE,"extratrees"
1455,657,1,TRUE,"extratrees"
1456,413,4,FALSE,"gini"
1457,325,1,FALSE,"extratrees"
1458,2230,2,FALSE,"gini"
1459,6199,1,FALSE,"extratrees"
1460,4953,2,TRUE,"gini"
1461,614,2,TRUE,"gini"
1462,145,4,FALSE,"extratrees"
1463,4573,1,TRUE,"extratrees"
1464,141,3,TRUE,"extratrees"
1465,170,4,FALSE,"gini"
1466,1919,1,TRUE,"extratrees"
1467,440,4,TRUE,"extratrees"
1468,240,3,FALSE,"gini"
1469,617,4,FALSE,"extratrees"
1470,5339,1,FALSE,"gini"
1471,499,1,TRUE,"extratrees"
1472,101,1,TRUE,"extratrees"
1473,6700,1,FALSE,"extratrees"
1474,8073,1,TRUE,"gini"
1475,965,4,FALSE,"extratrees"
1476,851,4,TRUE,"gini"
1477,1570,3,TRUE,"gini"
1478,6541,1,FALSE,"gini"
1479,223,1,FALSE,"gini"
1480,3759,4,TRUE,"gini"
1481,294,1,TRUE,"gini"
1482,1436,2,FALSE,"extratrees"
1483,4843,3,TRUE,"extratrees"
1484,185,1,FALSE,"extratrees"
1485,6241,3,TRUE,"extratrees"
1486,800,1,TRUE,"gini"
1487,6191,3,TRUE,"gini"
1488,316,3,TRUE,"gini"
1489,148,3,FALSE,"gini"
1490,126,3,TRUE,"extratrees"
1491,9190,2,TRUE,"gini"
1492,936,1,FALSE,"extratrees"
1493,4945,2,TRUE,"extratrees"
1494,684,2,TRUE,"gini"
1495,958,2,TRUE,"extratrees"
1496,234,4,TRUE,"gini"
1497,3323,4,TRUE,"extratrees"
1498,410,4,TRUE,"gini"
1499,216,4,TRUE,"extratrees"
1500,117,3,TRUE,"extratrees"
1501,188,2,FALSE,"extratrees"
1502,227,2,FALSE,"extratrees"
1503,1101,2,TRUE,"extratrees"
1504,4223,4,FALSE,"extratrees"
1505,171,2,FALSE,"gini"
1506,6171,2,TRUE,"gini"
1507,1424,2,TRUE,"extratrees"
1508,197,1,FALSE,"gini"
1509,6444,2,TRUE,"extratrees"
1510,322,4,TRUE,"extratrees"
1511,201,3,FALSE,"extratrees"
1512,3470,4,FALSE,"gini"
1513,290,2,TRUE,"gini"
1514,410,4,FALSE,"extratrees"
1515,1096,1,TRUE,"gini"
1516,470,4,FALSE,"extratrees"
1517,205,4,TRUE,"extratrees"
1518,343,2,TRUE,"extratrees"
1519,506,2,FALSE,"extratrees"
1520,1445,1,TRUE,"gini"
1521,4174,3,FALSE,"extratrees"
1522,7415,3,TRUE,"gini"
1523,4689,4,TRUE,"gini"
1524,180,2,TRUE,"extratrees"
1525,2004,3,TRUE,"extratrees"
1526,2420,2,FALSE,"gini"
1527,116,2,FALSE,"gini"
1528,6991,3,FALSE,"gini"
1529,911,1,FALSE,"extratrees"
1530,343,1,TRUE,"gini"
1531,5205,4,TRUE,"extratrees"
1532,289,1,TRUE,"extratrees"
1533,3866,4,TRUE,"extratrees"
1534,1980,3,TRUE,"gini"
1535,710,4,TRUE,"gini"
1536,156,2,TRUE,"extratrees"
1537,102,2,TRUE,"extratrees"
1538,1162,2,FALSE,"gini"
1539,1126,3,TRUE,"extratrees"
1540,268,1,TRUE,"extratrees"
1541,2736,2,TRUE,"extratrees"
1542,8439,4,TRUE,"gini"
1543,1095,4,TRUE,"extratrees"
1544,225,2,TRUE,"extratrees"
1545,1343,3,FALSE,"gini"
1546,3325,1,FALSE,"gini"
1547,2173,2,TRUE,"gini"
1548,283,2,TRUE,"extratrees"
1549,495,2,TRUE,"extratrees"
1550,439,3,TRUE,"gini"
1551,6506,4,FALSE,"extratrees"
1552,252,4,FALSE,"gini"
1553,2318,4,TRUE,"extratrees"
1554,189,3,FALSE,"gini"
1555,164,3,FALSE,"gini"
1556,154,4,TRUE,"gini"
1557,6862,1,TRUE,"gini"
1558,360,3,TRUE,"extratrees"
1559,5958,3,TRUE,"gini"
1560,3540,2,TRUE,"gini"
1561,3921,2,FALSE,"extratrees"
1562,259,1,TRUE,"gini"
1563,125,3,TRUE,"gini"
1564,120,3,TRUE,"gini"
1565,373,3,TRUE,"extratrees"
1566,501,3,FALSE,"gini"
1567,3007,2,FALSE,"gini"
1568,320,2,TRUE,"gini"
1569,1091,4,TRUE,"extratrees"
1570,3328,3,FALSE,"extratrees"
1571,1884,3,TRUE,"gini"
1572,257,3,TRUE,"extratrees"
1573,9767,2,FALSE,"extratrees"
1574,101,4,TRUE,"gini"
1575,260,1,FALSE,"extratrees"
1576,1867,1,TRUE,"gini"
1577,109,1,TRUE,"gini"
1578,114,2,TRUE,"gini"
1579,1654,1,FALSE,"gini"
1580,1393,2,TRUE,"gini"
1581,312,3,FALSE,"gini"
1582,6960,3,TRUE,"gini"
1583,2226,2,TRUE,"gini"
1584,1968,2,TRUE,"gini"
1585,262,4,TRUE,"gini"
1586,920,4,TRUE,"extratrees"
1587,9478,2,FALSE,"gini"
1588,9771,2,FALSE,"extratrees"
1589,802,2,TRUE,"gini"
1590,2709,3,FALSE,"gini"
1591,432,1,TRUE,"gini"
1592,4686,4,FALSE,"extratrees"
1593,742,4,FALSE,"extratrees"
1594,9901,3,FALSE,"extratrees"
1595,4121,2,FALSE,"gini"
1596,945,2,FALSE,"extratrees"
1597,1203,1,TRUE,"gini"
1598,484,4,FALSE,"extratrees"
1599,128,3,FALSE,"extratrees"
1600,832,1,TRUE,"gini"
1601,998,1,TRUE,"extratrees"
1602,370,2,TRUE,"gini"
1603,3599,4,FALSE,"extratrees"
1604,407,2,FALSE,"extratrees"
1605,1081,3,TRUE,"extratrees"
1606,909,4,TRUE,"extratrees"
1607,3475,4,FALSE,"gini"
1608,214,4,TRUE,"extratrees"
1609,770,2,FALSE,"extratrees"
1610,1121,3,TRUE,"extratrees"
1611,905,2,FALSE,"gini"
1612,1127,2,FALSE,"gini"
1613,2364,4,TRUE,"extratrees"
1614,508,4,FALSE,"extratrees"
1615,4816,1,TRUE,"gini"
1616,7037,1,FALSE,"extratrees"
1617,164,1,FALSE,"extratrees"
1618,260,3,TRUE,"gini"
1619,946,4,FALSE,"extratrees"
1620,447,2,TRUE,"extratrees"
1621,883,2,FALSE,"gini"
1622,1497,1,FALSE,"extratrees"
1623,282,1,TRUE,"extratrees"
1624,2960,2,FALSE,"extratrees"
1625,201,2,TRUE,"gini"
1626,2502,3,FALSE,"gini"
1627,339,4,TRUE,"extratrees"
1628,717,1,FALSE,"gini"
1629,2792,1,FALSE,"gini"
1630,895,1,TRUE,"gini"
1631,478,3,FALSE,"gini"
1632,304,1,FALSE,"gini"
1633,272,1,TRUE,"extratrees"
1634,306,3,FALSE,"gini"
1635,1357,2,TRUE,"gini"
1636,2681,3,TRUE,"extratrees"
1637,165,1,TRUE,"extratrees"
1638,1099,2,FALSE,"gini"
1639,5103,1,FALSE,"extratrees"
1640,2707,3,FALSE,"gini"
1641,427,2,FALSE,"gini"
1642,171,3,FALSE,"extratrees"
1643,1422,1,FALSE,"extratrees"
1644,4636,2,FALSE,"extratrees"
1645,1105,2,FALSE,"gini"
1646,2461,4,TRUE,"gini"
1647,1006,1,FALSE,"gini"
1648,514,1,FALSE,"gini"
1649,8575,4,TRUE,"extratrees"
1650,7048,2,FALSE,"gini"
1651,258,2,FALSE,"gini"
1652,8193,3,TRUE,"gini"
1653,5642,1,TRUE,"extratrees"
1654,2499,3,TRUE,"extratrees"
1655,1067,2,FALSE,"extratrees"
1656,921,4,FALSE,"gini"
1657,255,4,TRUE,"extratrees"
1658,159,4,TRUE,"gini"
1659,887,1,TRUE,"extratrees"
1660,423,4,FALSE,"extratrees"
1661,3532,2,TRUE,"extratrees"
1662,6392,4,TRUE,"extratrees"
1663,471,4,TRUE,"gini"
1664,4480,4,TRUE,"extratrees"
1665,277,4,TRUE,"extratrees"
1666,3432,1,FALSE,"extratrees"
1667,1331,1,FALSE,"extratrees"
1668,707,3,TRUE,"extratrees"
1669,4792,2,FALSE,"extratrees"
1670,378,3,FALSE,"gini"
1671,879,3,FALSE,"gini"
1672,3673,3,TRUE,"gini"
1673,147,2,FALSE,"gini"
1674,619,3,TRUE,"extratrees"
1675,156,2,TRUE,"extratrees"
1676,186,3,TRUE,"gini"
1677,278,3,TRUE,"extratrees"
1678,355,3,FALSE,"gini"
1679,399,3,FALSE,"extratrees"
1680,565,1,TRUE,"extratrees"
1681,968,4,TRUE,"gini"
1682,5763,3,TRUE,"gini"
1683,3167,3,FALSE,"gini"
1684,8203,1,FALSE,"extratrees"
1685,464,3,FALSE,"gini"
1686,4484,4,FALSE,"gini"
1687,185,2,TRUE,"extratrees"
1688,178,4,FALSE,"gini"
1689,2880,1,FALSE,"gini"
1690,1258,1,FALSE,"gini"
1691,1660,3,FALSE,"gini"
1692,177,3,FALSE,"extratrees"
1693,5706,2,TRUE,"gini"
1694,4876,1,FALSE,"gini"
1695,124,2,TRUE,"extratrees"
1696,2613,1,TRUE,"gini"
1697,1181,3,TRUE,"gini"
1698,7844,1,TRUE,"gini"
1699,6724,2,TRUE,"extratrees"
1700,822,3,TRUE,"gini"
1701,3422,3,TRUE,"gini"
1702,1030,1,TRUE,"extratrees"
1703,255,4,TRUE,"gini"
1704,2738,3,TRUE,"gini"
1705,3463,2,TRUE,"gini"
1706,2606,4,TRUE,"gini"
1707,243,2,TRUE,"extratrees"
1708,396,1,FALSE,"extratrees"
1709,449,4,FALSE,"gini"
1710,1402,2,FALSE,"gini"
1711,5868,1,FALSE,"gini"
1712,5724,4,FALSE,"gini"
1713,595,1,FALSE,"gini"
1714,3011,4,FALSE,"extratrees"
1715,3944,2,FALSE,"extratrees"
1716,2828,4,TRUE,"extratrees"
1717,594,2,FALSE,"extratrees"
1718,397,3,FALSE,"extratrees"
1719,131,4,FALSE,"gini"
1720,2241,1,TRUE,"gini"
1721,250,3,TRUE,"extratrees"
1722,1792,2,TRUE,"gini"
1723,190,1,TRUE,"gini"
1724,561,4,FALSE,"gini"
1725,427,4,FALSE,"gini"
1726,4303,2,FALSE,"gini"
1727,548,1,TRUE,"gini"
1728,762,4,FALSE,"extratrees"
1729,760,1,TRUE,"gini"
1730,1609,1,TRUE,"extratrees"
1731,646,4,FALSE,"extratrees"
1732,8323,3,TRUE,"gini"
1733,8814,4,FALSE,"gini"
1734,6801,4,FALSE,"gini"
1735,147,3,TRUE,"extratrees"
1736,905,4,FALSE,"extratrees"
1737,479,3,TRUE,"extratrees"
1738,2239,1,TRUE,"extratrees"
1739,1888,1,FALSE,"extratrees"
1740,5272,1,FALSE,"gini"
1741,7946,1,FALSE,"extratrees"
1742,1415,1,FALSE,"gini"
1743,1184,2,TRUE,"extratrees"
1744,7709,3,TRUE,"extratrees"
1745,6141,3,TRUE,"gini"
1746,666,1,FALSE,"extratrees"
1747,126,4,TRUE,"gini"
1748,3629,1,TRUE,"extratrees"
1749,7169,3,TRUE,"gini"
1750,572,3,TRUE,"gini"
1751,311,2,TRUE,"gini"
1752,150,4,TRUE,"gini"
1753,609,3,TRUE,"extratrees"
1754,233,3,TRUE,"extratrees"
1755,186,3,FALSE,"gini"
1756,329,4,TRUE,"gini"
1757,1286,2,TRUE,"extratrees"
1758,199,1,TRUE,"extratrees"
1759,8500,1,TRUE,"gini"
1760,7810,2,FALSE,"gini"
1761,9733,1,FALSE,"extratrees"
1762,2604,3,TRUE,"gini"
1763,192,1,FALSE,"extratrees"
1764,105,4,FALSE,"gini"
1765,2377,1,TRUE,"extratrees"
1766,2320,4,TRUE,"extratrees"
1767,6896,3,FALSE,"gini"
1768,660,4,TRUE,"extratrees"
1769,704,3,FALSE,"extratrees"
1770,1195,4,FALSE,"extratrees"
1771,676,3,FALSE,"extratrees"
1772,158,3,TRUE,"gini"
1773,580,4,TRUE,"gini"
1774,250,1,FALSE,"gini"
1775,2839,3,TRUE,"gini"
1776,106,1,TRUE,"extratrees"
1777,6938,1,FALSE,"gini"
1778,6368,4,FALSE,"extratrees"
1779,3248,4,FALSE,"extratrees"
1780,8081,1,FALSE,"extratrees"
1781,1795,2,TRUE,"extratrees"
1782,2065,2,TRUE,"gini"
1783,583,3,FALSE,"gini"
1784,136,3,FALSE,"extratrees"
1785,2426,2,FALSE,"gini"
1786,181,1,FALSE,"extratrees"
1787,385,3,TRUE,"extratrees"
1788,1851,2,FALSE,"gini"
1789,606,4,TRUE,"extratrees"
1790,139,2,TRUE,"extratrees"
1791,5378,4,FALSE,"extratrees"
1792,593,4,FALSE,"extratrees"
1793,2211,4,TRUE,"gini"
1794,111,4,FALSE,"gini"
1795,1561,3,FALSE,"gini"
1796,359,2,FALSE,"gini"
1797,632,2,TRUE,"extratrees"
1798,197,3,TRUE,"extratrees"
1799,4483,3,TRUE,"gini"
1800,192,4,TRUE,"extratrees"
1801,6632,3,FALSE,"extratrees"
1802,6359,3,TRUE,"extratrees"
1803,244,3,FALSE,"gini"
1804,1168,4,TRUE,"extratrees"
1805,1114,3,FALSE,"extratrees"
1806,210,2,TRUE,"extratrees"
1807,1101,2,TRUE,"extratrees"
1808,283,2,FALSE,"gini"
1809,368,3,FALSE,"gini"
1810,1024,3,FALSE,"gini"
1811,209,2,FALSE,"extratrees"
1812,6995,3,TRUE,"gini"
1813,1002,1,FALSE,"gini"
1814,1713,2,TRUE,"gini"
1815,3098,2,FALSE,"extratrees"
1816,1724,2,FALSE,"gini"
1817,7309,3,TRUE,"gini"
1818,145,1,FALSE,"extratrees"
1819,114,1,FALSE,"gini"
1820,1219,1,FALSE,"extratrees"
1821,305,2,FALSE,"gini"
1822,1962,4,TRUE,"extratrees"
1823,573,2,TRUE,"gini"
1824,125,3,FALSE,"gini"
1825,125,3,FALSE,"gini"
1826,8498,1,FALSE,"extratrees"
1827,285,4,TRUE,"gini"
1828,106,1,TRUE,"extratrees"
1829,275,4,FALSE,"gini"
1830,130,3,FALSE,"extratrees"
1831,297,2,TRUE,"gini"
1832,643,1,TRUE,"extratrees"
1833,107,4,FALSE,"extratrees"
1834,532,3,TRUE,"extratrees"
1835,1486,3,TRUE,"extratrees"
1836,1639,3,FALSE,"gini"
1837,339,3,TRUE,"gini"
1838,2256,3,TRUE,"extratrees"
1839,7502,1,FALSE,"extratrees"
1840,102,3,TRUE,"gini"
1841,3778,3,TRUE,"extratrees"
1842,4142,3,TRUE,"extratrees"
1843,141,2,FALSE,"extratrees"
1844,1371,2,FALSE,"extratrees"
1845,1206,1,TRUE,"gini"
1846,189,2,FALSE,"extratrees"
1847,359,2,FALSE,"extratrees"
1848,508,2,TRUE,"extratrees"
1849,4256,1,TRUE,"gini"
1850,221,4,FALSE,"extratrees"
1851,1110,4,TRUE,"gini"
1852,3408,4,FALSE,"extratrees"
1853,380,1,TRUE,"gini"
1854,752,4,TRUE,"extratrees"
1855,2198,3,FALSE,"extratrees"
1856,119,4,TRUE,"extratrees"
1857,1331,3,FALSE,"gini"
1858,7385,2,FALSE,"gini"
1859,745,3,TRUE,"extratrees"
1860,7517,1,TRUE,"gini"
1861,9126,3,TRUE,"extratrees"
1862,2273,2,TRUE,"extratrees"
1863,397,4,FALSE,"extratrees"
1864,262,3,FALSE,"gini"
1865,437,3,TRUE,"extratrees"
1866,5154,1,FALSE,"extratrees"
1867,133,1,FALSE,"gini"
1868,232,3,FALSE,"gini"
1869,934,1,TRUE,"extratrees"
1870,478,2,FALSE,"gini"
1871,4267,3,FALSE,"extratrees"
1872,5550,3,TRUE,"gini"
1873,110,4,FALSE,"gini"
1874,4496,4,FALSE,"extratrees"
1875,638,2,FALSE,"extratrees"
1876,2224,1,TRUE,"gini"
1877,174,3,TRUE,"gini"
1878,903,2,FALSE,"gini"
1879,7149,3,TRUE,"gini"
1880,1421,3,FALSE,"extratrees"
1881,6746,4,TRUE,"gini"
1882,3265,2,TRUE,"extratrees"
1883,1841,2,FALSE,"gini"
1884,3910,2,TRUE,"extratrees"
1885,7090,4,TRUE,"gini"
1886,214,2,TRUE,"extratrees"
1887,244,4,FALSE,"extratrees"
1888,158,4,FALSE,"gini"
1889,4588,4,FALSE,"gini"
1890,4122,3,FALSE,"gini"
1891,364,3,TRUE,"gini"
1892,796,1,FALSE,"extratrees"
1893,1798,4,FALSE,"extratrees"
1894,555,2,FALSE,"gini"
1895,585,3,TRUE,"extratrees"
1896,6800,1,TRUE,"extratrees"
1897,607,4,TRUE,"gini"
1898,139,4,TRUE,"extratrees"
1899,2619,2,FALSE,"gini"
1900,2450,2,FALSE,"extratrees"
1901,156,1,TRUE,"extratrees"
1902,119,1,TRUE,"extratrees"
1903,637,1,TRUE,"gini"
1904,106,4,FALSE,"gini"
1905,1376,3,FALSE,"gini"
1906,7825,1,TRUE,"gini"
1907,489,2,TRUE,"extratrees"
1908,310,4,FALSE,"extratrees"
1909,1220,1,FALSE,"extratrees"
1910,173,1,FALSE,"extratrees"
1911,565,2,TRUE,"extratrees"
1912,454,4,TRUE,"extratrees"
1913,7907,1,TRUE,"gini"
1914,6679,2,TRUE,"gini"
1915,3374,3,TRUE,"extratrees"
1916,3307,1,FALSE,"gini"
1917,10016,3,FALSE,"extratrees"
1918,1458,1,FALSE,"extratrees"
1919,268,2,FALSE,"gini"
1920,186,3,TRUE,"gini"
1921,3872,4,FALSE,"extratrees"
1922,9278,3,TRUE,"gini"
1923,9285,1,TRUE,"gini"
1924,179,3,TRUE,"extratrees"
1925,1736,3,FALSE,"extratrees"
1926,5246,2,FALSE,"gini"
1927,191,3,FALSE,"gini"
1928,544,4,TRUE,"gini"
1929,207,1,FALSE,"gini"
1930,791,4,TRUE,"extratrees"
1931,943,1,FALSE,"extratrees"
1932,8017,3,FALSE,"gini"
1933,6502,1,TRUE,"extratrees"
1934,7655,1,FALSE,"extratrees"
1935,3550,1,TRUE,"gini"
1936,154,2,TRUE,"extratrees"
1937,108,4,TRUE,"gini"
1938,467,4,FALSE,"extratrees"
1939,306,1,FALSE,"extratrees"
1940,3868,3,TRUE,"gini"
1941,990,2,TRUE,"extratrees"
1942,1073,3,TRUE,"extratrees"
1943,140,2,FALSE,"gini"
1944,493,2,TRUE,"gini"
1945,3280,3,FALSE,"extratrees"
1946,593,4,FALSE,"gini"
1947,104,1,TRUE,"extratrees"
1948,2755,3,FALSE,"gini"
1949,1309,2,FALSE,"gini"
1950,139,1,FALSE,"extratrees"
1951,499,3,TRUE,"extratrees"
1952,674,1,FALSE,"extratrees"
1953,422,3,TRUE,"gini"
1954,3008,3,FALSE,"extratrees"
1955,602,1,TRUE,"extratrees"
1956,1745,1,FALSE,"gini"
1957,1779,4,TRUE,"gini"
1958,4057,2,FALSE,"extratrees"
1959,2047,1,FALSE,"gini"
1960,2302,3,TRUE,"gini"
1961,667,3,TRUE,"extratrees"
1962,2136,1,TRUE,"gini"
1963,114,3,TRUE,"gini"
1964,4317,1,FALSE,"extratrees"
1965,142,3,TRUE,"gini"
1966,6389,3,TRUE,"gini"
1967,139,2,TRUE,"gini"
1968,242,4,TRUE,"extratrees"
1969,3607,3,TRUE,"gini"
1970,256,3,FALSE,"extratrees"
1971,646,4,FALSE,"extratrees"
1972,785,1,FALSE,"gini"
1973,1643,1,TRUE,"gini"
1974,1432,1,FALSE,"gini"
1975,132,1,TRUE,"gini"
1976,233,2,FALSE,"gini"
1977,393,4,FALSE,"gini"
1978,568,1,TRUE,"extratrees"
1979,2688,1,TRUE,"gini"
1980,179,3,TRUE,"extratrees"
1981,726,4,TRUE,"gini"
1982,116,3,FALSE,"gini"
1983,815,4,TRUE,"extratrees"
1984,3908,3,FALSE,"gini"
1985,882,1,FALSE,"extratrees"
1986,299,1,TRUE,"extratrees"
1987,5992,3,TRUE,"gini"
1988,179,4,FALSE,"extratrees"
1989,348,1,TRUE,"extratrees"
1990,5867,4,FALSE,"gini"
1991,3194,1,FALSE,"extratrees"
1992,158,1,TRUE,"gini"
1993,4310,1,TRUE,"gini"
1994,5251,1,TRUE,"extratrees"
1995,172,4,TRUE,"extratrees"
1996,189,3,TRUE,"extratrees"
1997,1257,2,TRUE,"gini"
1998,132,3,TRUE,"extratrees"
1999,986,3,FALSE,"extratrees"
2000,104,2,FALSE,"gini"
